date,cpi,gov_spend_current,proxy_fai,trade balance,current consumption,CNYUSDSpot,neer_yoy,realgdp,realgdpgrowth_quarterly,realgdp_monthly,realgdp_monthly_yoy
2000-01-01,-0.20000000000000284,748.85,568.9524401405846,105.48352403689448,2962.9,8.279219047619048,-1.07455,,,14085.837938781484,
2000-02-01,0.7000000000000028,748.85,568.9524401405846,92.2849387814505,2804.9,8.27786875,-0.34269,,,14190.393003267658,
2000-03-01,-0.20000000000000284,878.7,1390.983289092387,159.884504122571,2626.6,8.278560869565217,-3.20897,42530.17337729259,8.8,14253.942435243436,
2000-04-01,-0.29999999999999716,1087.4,1477.4059174479985,146.6620143742967,2571.5,8.279285,-2.82634,,,15296.557607659135,
2000-05-01,0.09999999999999432,1022.0999999999995,1880.089851146603,215.05899120627353,2636.9,8.277527777777777,-0.79692,,,15601.808307836936,
2000-06-01,0.5,1352.4000000000005,2655.8336686199855,129.59518217606913,2645.2,8.2772,-2.13165,46388.81386301105,9.2,15490.447947514975,
2000-07-01,0.5,1043.3999999999996,2009.9134203132635,136.19560473440703,2596.9,8.279338095238096,-1.57618,,,16833.221613973787,
2000-08-01,0.29999999999999716,1292.8000000000002,2003.2771345388956,174.21928793890393,2636.3,8.279569565217392,0.69577,,,16876.11810518587,
2000-09-01,0.0,1278.2999999999993,2526.918582043416,154.76935497227342,2854.3,8.278580952380953,1.95946,50636.42111466913,8.9,16927.081395509475,
2000-10-01,0.0,1080.9000000000015,2560.3793448812285,266.14450141263455,3029.3,8.278335294117646,3.96717,,,18532.79021823703,
2000-11-01,1.2999999999999972,1375.5999999999985,2819.0516378160864,35.216890290639995,3107.8,8.2774,5.43732,,,18475.6367432588,
2000-12-01,1.5,1485.9300000000003,6506.67885944384,39.181380994731256,3680.0,8.277138095238096,5.7687,56487.31535905443,7.6,19478.8883975586,
2001-01-01,1.2000000000000028,889.05,663.9674976440623,94.64839639003954,3332.8,8.277264705882354,5.43109,,,15579.403572950849,10.603314056718215
2001-02-01,0.0,889.05,663.9674976440623,66.66003662982065,3047.1,8.277035,2.92289,,,15439.733348141819,8.804127867258305
2001-03-01,0.7999999999999972,1054.9,1582.8152876608385,162.14516594363678,2876.1,8.277531818181817,5.95687,46570.539848135384,9.5,15551.402927042722,9.102467599358777
2001-04-01,1.5999999999999943,1181.3000000000002,1756.5823281981484,63.91347966663614,2820.9,8.277104761904761,7.65693,,,16570.285480998682,8.32689227216572
2001-05-01,1.7000000000000028,1309.8999999999996,2255.0548999034418,137.3483421400315,2929.6,8.277183333333333,5.28853,,,16992.013396546285,8.910538197107808
2001-06-01,1.4000000000000057,1720.5,3148.8870471168675,56.82817126630566,2908.7,8.277038095238096,7.41096,50378.25185523,8.6,16815.952977685036,8.556918655039292
2001-07-01,1.5,1363.8000000000002,2422.4485776838446,132.36852879899527,2851.4,8.276890909090909,7.58281,,,18201.96638550154,8.131211023750296
2001-08-01,1.0,1467.2000000000007,2434.657168101254,94.44461713931909,2889.4,8.27696956521739,4.28126,,,18021.745086822728,6.788450842168614
2001-09-01,-0.09999999999999432,1603.8999999999996,2898.9299068452347,146.51797295113238,3136.9,8.276819999999999,2.04109,54687.33480384266,8.0,18463.6233315184,9.077418014995487
2001-10-01,0.20000000000000284,1223.5,2885.226736942692,266.39854212581656,3347.3,8.276805555555555,2.11842,,,19761.944365081275,6.63232105025775
2001-11-01,-0.29999999999999716,1801.3999999999996,3084.487287808097,216.15479783905863,3421.7,8.276877272727273,1.8492,,,20009.74588938582,8.303416913015283
2001-12-01,-0.29999999999999716,1881.5400000000009,6866.08816230694,144.71724704846224,4033.3,8.276838095238096,2.87056,60723.86401098351,7.5,20952.17375651641,7.563498126219903
2002-01-01,-1.0,1082.4,826.6395345668576,187.2107953560113,3596.1,8.27667,3.25821,,,16963.10764380187,8.881624154428014
2002-02-01,0.0,1082.4,826.6395345668576,220.49104203490134,3324.4,8.276646666666666,4.57466,,,16849.18509802378,9.128731164593518
2002-03-01,-0.7999999999999972,1346.6,2017.1770376649276,91.36636172446276,3114.8,8.27707619047619,1.15747,50761.888434467575,9.0,16949.595692641928,8.990782196041325
2002-04-01,-1.2999999999999972,587.9999999999995,2261.723641969336,66.59220008620215,3052.2,8.277204545454545,-1.1812,,,17815.3006226958,7.513540687785913
2002-05-01,-1.0999999999999943,2235.0,2776.183740133617,151.47373190465,3202.1,8.276894444444444,-2.63225,,,18746.697306696784,10.326521461589412
2002-06-01,-0.7999999999999972,1963.0,3820.3020614586767,199.9533623830505,3158.8,8.27705,-4.69328,54861.91627034547,8.9,18299.91834095289,8.824747341034378
2002-07-01,-0.9000000000000057,1682.2000000000007,2976.04486123115,152.24121215003487,3096.6,8.276795652173913,-7.26463,,,20104.622969331675,10.453027675876081
2002-08-01,-0.7000000000000028,1607.3999999999996,3036.337925917607,152.9359391067923,3143.7,8.27671818181818,-4.59919,,,19780.202101564097,9.757418087259095
2002-09-01,-0.7000000000000028,1910.6000000000004,3618.298254512574,145.00617139204937,3422.4,8.276985714285715,-3.62385,59992.0062798154,9.7,20107.18120891964,8.901599907508938
2002-10-01,-0.7999999999999972,1513.7999999999993,3544.9117601242906,325.36855780014787,3661.9,8.276966666666667,-3.74952,,,21513.58795450389,8.863720882231174
2002-11-01,-0.7000000000000028,1900.0000000000018,3661.2695545210045,169.53407875447687,3733.1,8.277071428571428,-5.61309,,,22013.226568764072,10.012524349152274
2002-12-01,-0.4000000000000057,1992.239999999998,6632.966048415434,216.28827609823614,4404.4,8.277240909090908,-6.5449,66310.459499994,9.2,22783.644976726042,8.741199082696705
2003-01-01,0.4000000000000057,1196.2,1097.7773019047868,-84.95967799359302,3907.4,8.276827272727273,-8.76777,,,18937.52681394089,11.639489718503615
2003-02-01,0.20000000000000284,1196.2,1097.7773019047868,46.3119662031105,3706.4,8.277446666666666,-9.58466,,,18676.43908733317,10.844761801113489
2003-03-01,0.9000000000000057,1500.0,2634.7656327374407,-31.36832064366519,3494.8,8.277238095238095,-8.43707,56447.21993912795,11.2,18833.25403785389,11.113293670064861
2003-04-01,1.0,1734.4999999999995,2911.1743355951976,69.5979816921719,3406.9,8.277136363636364,-7.64242,,,19732.257445781943,10.760171066908853
2003-05-01,0.7000000000000028,1688.7000000000007,3727.42014274119,153.32387543798205,3463.3,8.276888235294118,-8.42366,,,20009.917415537035,6.738360833238599
2003-06-01,0.29999999999999716,2350.2999999999993,5169.153135995039,146.58983016555032,3576.9,8.27708095238095,-7.22601,59909.21256721726,9.2,20167.037705898285,10.202883587556899
2003-07-01,0.5,1815.5,3936.682865303377,109.34250544860883,3562.1,8.277247826086956,-4.47249,,,21925.01155746025,9.054577103512273
2003-08-01,0.9000000000000057,1703.7000000000007,3973.597282680137,191.39137310008007,3609.6,8.277014285714285,-4.34427,,,21919.532436940324,10.815513028590651
2003-09-01,1.0999999999999943,2079.7999999999993,4569.033423054432,19.7559867534462,3971.8,8.277140909090908,-5.8221,66051.19891407675,10.1,22206.654919676177,10.441412393623839
2003-10-01,1.7999999999999972,1683.0000000000018,4349.562952577569,392.7613299589996,4204.4,8.276716666666665,-8.04552,,,24105.495335070507,12.047769000911801
2003-11-01,3.0,1984.0999999999985,4590.779792546346,333.5411710404273,4202.7,8.276925,-5.5405,,,24161.024231000545,9.756850753010982
2003-12-01,3.200000000000003,2783.25,8164.342071285413,392.23500880383284,4735.7,8.276982608695652,-6.50109,73007.8159094934,10.1,24741.296343422335,8.592353719942846
2004-01-01,3.200000000000003,1365.25,1679.599271914324,-1.672001314099247,4569.4,8.27694375,-5.97403,,,20992.67779654866,10.85226705049398
2004-02-01,2.0999999999999943,1365.25,1679.599271914324,-539.3174150117895,4211.4,8.277125,-7.1215,,,20591.024621595963,10.25134141101509
2004-03-01,3.0,1771.5,3780.014765787839,-36.98989761379663,4049.8,8.277013043478261,-5.21835,62430.62525267552,10.6,20846.922834530895,10.69209172578265
2004-04-01,3.799999999999997,2099.7,3915.6409394025904,-154.1463883403741,4001.8,8.276918181818182,-4.32328,,,22142.71227787023,12.21580875230044
2004-05-01,4.400000000000006,1720.9000000000005,4405.2427866437465,144.06599436739398,4166.1,8.27704375,0.04278,,,22335.73308028191,11.623314661653495
2004-06-01,5.0,2480.2999999999993,6335.7718489879335,126.29797628254273,4250.7,8.276663636363637,-0.51926,66858.68122501447,11.6,22380.235866862327,10.97433442253517
2004-07-01,5.299999999999997,1935.300000000001,5177.629304263606,139.17511169976422,4209.2,8.276736363636363,-1.40744,,,24236.98306685886,10.54490440444913
2004-08-01,5.299999999999997,1976.3999999999996,5012.999253602764,307.5617887194675,4262.7,8.2768,-1.42369,,,23824.091585894123,8.688867586172154
2004-09-01,5.200000000000003,2429.999999999998,5836.981024552257,341.9752154976228,4717.7,8.27665,-0.54379,72524.21640765628,9.8,24463.141754903292,10.16130904627044
2004-10-01,4.299999999999997,1917.300000000003,5516.214497900284,485.6912997020288,4983.2,8.27651875,-0.56777,,,25787.70226255881,6.978520474710592
2004-11-01,2.799999999999997,2531.7999999999993,5716.713486345274,677.8640353574598,4965.6,8.276499999999999,-4.53177,,,26523.254802085445,9.777029932588555
2004-12-01,2.4000000000000057,4802.77,9922.950068788668,758.742039825869,5562.5,8.276499999999999,-4.77573,79432.50370952881,8.8,27121.546644884565,9.620556127791735
2005-01-01,1.9000000000000057,1514.2,2091.1010935333334,444.8441974264241,5300.9,8.276499999999999,-3.46031,,,23173.738084727414,10.389623988500096
2005-02-01,3.9000000000000057,1514.2,2091.1010935333334,298.45249742701935,5012.2,8.276499999999999,-1.27305,,,23035.902315944346,11.873511587102769
2005-03-01,2.700000000000003,2180.9999999999995,4763.232089882793,392.7135722524156,4799.1,8.276499999999999,-4.3031,69422.85528097519,11.2,23213.214880303418,11.350797739093622
2005-04-01,1.7999999999999972,2380.8,4950.517514067522,314.49078231412085,4663.3,8.276499999999999,-4.46107,,,24689.619963881723,11.502238994257773
2005-05-01,1.7999999999999972,1995.1999999999998,5645.610862060828,615.7083689966638,4899.2,8.276499999999999,-5.43122,,,24776.273214479657,10.926617565788654
2005-06-01,1.5999999999999943,2836.0,8160.9866993133,662.9215522050015,4935.0,8.276499999999999,-2.97231,74279.99484099107,11.1,24814.101662629688,10.87506767241495
2005-07-01,1.7999999999999972,2239.2000000000007,6607.740343907961,712.7234841666872,4934.9,8.220947619047617,-0.7429,,,26748.344340189713,10.36169091839172
2005-08-01,1.2999999999999972,2413.300000000001,6440.508045467752,695.2891813163495,5040.8,8.101678260869564,-1.54535,,,26600.245171274197,11.652715384219704
2005-09-01,0.9000000000000057,2876.0,7549.784260680775,493.3798791553548,5495.2,8.077209090909092,-1.6259,80429.3559960908,10.9,27080.766484626896,10.700280266327344
2005-10-01,1.2000000000000028,2188.0,7000.866220853699,782.9511725551343,5846.6,8.07211875,1.39092,,,28850.312610485817,11.87624363250701
2005-11-01,1.2999999999999972,3188.399999999998,7392.6392214791995,687.1711865117035,5909.0,8.078059090909091,5.67823,,,29663.619501026107,11.840042718640031
2005-12-01,1.5999999999999943,6322.990000000002,12327.6540487913,718.0090033478464,6850.4,8.07320909090909,7.04268,89282.13416951039,12.4,30768.20205799848,13.445602718979565
2006-01-01,1.9000000000000057,1893.8,2647.3339844132,617.2050194040481,6641.6,8.063733333333333,4.89458,,,26224.931775099867,13.166601258790145
2006-02-01,0.9000000000000057,1893.8,2647.3339844132,157.0265214650842,6001.9,8.047641176470588,4.72803,,,25789.52462168802,11.953611662251884
2006-03-01,0.7999999999999972,2504.1,6316.505722653998,721.976620443168,5796.7,8.03288695652174,5.4807,78031.28933581611,12.4,26016.832939028227,12.07768106736349
2006-04-01,1.2000000000000028,2728.500000000001,6397.97982967761,671.3714995751264,5774.6,8.01275,3.84094,,,28055.86465248671,13.634250723702678
2006-05-01,1.4000000000000057,2166.2999999999993,7453.502615802376,834.8777879696041,6175.6,8.012544444444444,1.22098,,,28185.436643331635,13.759791068414629
2006-06-01,1.5,3414.6000000000004,10910.791162729143,929.3421350156208,6057.8,8.004977272727272,1.16557,84382.07413936587,13.6,28140.772843547522,13.406373626363589
2006-07-01,1.0,2524.800000000001,8401.480753980759,933.1261758945311,6012.2,7.988080952380952,-0.89522,,,29831.77090593902,11.527541766824134
2006-08-01,1.2999999999999972,2604.899999999998,7834.351830950676,1194.6372508265624,6077.4,7.972308695652174,-1.07085,,,29975.631596399107,12.689305693956587
2006-09-01,1.5,3426.2000000000007,9312.066242516856,961.8361827552571,6553.6,7.9321190476190475,0.20477,90241.73742761387,12.2,30434.334925275747,12.383580215695122
2006-10-01,1.4000000000000057,2670.5,8200.890220008223,1487.117095552162,6997.7,7.899723529411765,-0.15884,,,32755.5668000004,13.536262993889348
2006-11-01,1.9000000000000057,3783.7000000000007,9248.478357946064,1417.2549741339992,6821.7,7.8621409090909085,-1.7484,,,33529.20628214106,13.031406302191929
2006-12-01,2.799999999999997,9148.999999999996,14031.353454404787,1284.418753686898,7499.2,7.821166666666666,-1.21048,100442.4009406992,12.5,34157.627858557746,11.016002151084914
2007-01-01,2.200000000000003,2207.3,3266.810136765889,962.5740747911748,7488.3,7.785465,1.75162,,,29492.75569654635,12.460752803746944
2007-02-01,2.700000000000003,2207.3,3266.810136765889,1427.3349575014734,7013.7,7.751293333333334,1.66997,,,29564.524250647788,14.63772475195273
2007-03-01,3.299999999999997,2874.2,8015.180361893163,411.4145982737806,6685.8,7.737772727272727,1.46404,88643.54468548711,13.6,29586.26473829298,13.7197014241891
2007-04-01,3.0,3220.4000000000005,8052.687033628357,1005.1144126758153,6672.5,7.7243619047619045,1.27647,,,32345.037143559715,15.287971139726885
2007-05-01,3.4000000000000057,2922.199999999999,9455.996407379822,1320.7817827999113,7157.5,7.666077777777777,4.6761,,,32330.769653514657,14.707357784232734
2007-06-01,4.400000000000006,4488.6,14027.673652273505,1566.8319933050507,7026.0,7.630514285714286,4.97784,96955.00318613138,14.9,32279.196389057,14.706147441357098
2007-07-01,5.599999999999994,3236.5999999999985,10599.901187239957,1397.3147841692407,6998.2,7.574186363636364,5.62713,,,34147.233012139266,14.465993721281588
2007-08-01,6.5,3426.600000000002,9970.898697868171,1431.9015219374505,7116.6,7.5720217391304345,6.88019,,,34266.126285977814,14.31327535428515
2007-09-01,6.200000000000003,4433.0999999999985,11612.623890887451,1346.6972265708753,7668.4,7.521305,4.91899,103056.06414233503,14.2,34642.70484421795,13.827704562215182
2007-10-01,6.5,3560.2999999999993,10716.536419826109,1521.845120044742,8263.0,7.5006055555555555,2.51663,,,37664.11520077497,14.985386852699833
2007-11-01,6.900000000000006,4508.200000000004,11656.94832152847,1446.7666482367358,8104.7,7.419527272727273,2.6331,,,37793.55107001367,12.718299240337139
2007-12-01,6.5,14236.979999999996,16857.735498590308,1232.366368654009,9015.3,7.370234999999999,4.28139,114403.89467145638,13.9,38946.22840066774,14.019124987071585
2008-01-01,7.099999999999994,2984.95,4060.645,1020.375017075981,9077.3,7.240127272727273,4.00734,,,33087.8150440538,12.189635259917209
2008-02-01,8.700000000000003,2984.95,4060.645,438.2889359813831,8354.7,7.1577875,5.74889,,,32812.30581859253,10.985401085470148
2008-03-01,8.299999999999997,3536.800000000001,10195.65,670.5990870528321,8123.2,7.072447619047619,4.71071,98926.19586900363,11.6,33026.07500635729,11.626375612100247
2008-04-01,8.5,4078.5,10093.14,816.1005999270609,8142.0,6.9972095238095235,6.53108,,,36112.91759853307,11.649021883171917
2008-05-01,7.700000000000003,4024.5999999999985,11854.13,981.9690230781822,8703.5,6.970454999999999,6.2171,,,35765.083502225716,10.622431465493175
2008-06-01,7.099999999999994,5272.200000000001,18171.78,998.8038571418142,8642.0,6.896590000000001,5.58604,107620.05353660583,11.0,35742.05243584704,10.727826074269897
2008-07-01,6.299999999999997,4561.5,13724.1,1181.3685620694268,8628.8,6.836317391304347,5.1451,,,37740.154200810575,10.521851616481005
2008-08-01,4.900000000000006,4035.7000000000007,12759.61,1347.3108055292803,8767.7,6.852309523809525,6.46504,,,37277.17057393579,8.787232799028533
2008-09-01,4.599999999999994,4948.899999999998,14951.03,1371.8050626690417,9446.5,6.834673684210526,9.71063,112846.39023585686,9.5,37829.065461110506,9.197782422651613
2008-10-01,4.0,4143.200000000004,13318.36,1645.564173728076,10082.7,6.833505,16.09763,,,40396.62828499276,7.254950951725969
2008-11-01,2.4000000000000057,5254.0,14425.07,1868.711263739028,9790.8,6.82738,19.07246,,,40537.10994171968,7.259330743024073
2008-12-01,1.2000000000000028,15505.049999999996,20553.11,1830.4271488624943,10728.5,6.852595652173913,14.04479,122526.57119312977,7.1,41592.832966417336,6.795534957896532
2009-01-01,1.0,3901.75,5137.895,1827.4752931499813,10756.6,6.83574,14.08221,,,35256.8413955764,6.555362899105632
2009-02-01,-1.5999999999999943,3901.75,5137.895,226.20531524936317,9323.8,6.83572,13.65013,,,34680.13199926102,5.692456333288587
2009-03-01,-1.2000000000000028,5007.4,13286.21,867.3924885957599,9317.6,6.835999999999999,16.40097,105257.47240461987,6.4,35320.499009782434,6.947310581058996
2009-04-01,-1.5,5078.1,13520.31,612.8143962435911,9343.2,6.830442857142858,13.1487,,,38675.335974636924,7.095572849001641
2009-05-01,-1.4000000000000057,4608.0,16438.02,623.3384982210624,10028.4,6.823316666666667,9.09456,,,38910.415485684935,8.794420914083645
2009-06-01,-1.7000000000000028,6405.5999999999985,24578.03,385.33484235142186,9941.6,6.833581818181818,6.42324,116444.89792660752,8.2,38859.14646628566,8.721082920555423
2009-07-01,-1.7999999999999972,4985.5999999999985,17833.66,496.1004700135567,9936.5,6.83164347826087,6.04,,,41374.85540517071,9.630859442227901
2009-08-01,-1.2000000000000028,4737.200000000004,17052.78,733.4092671047911,10115.6,6.8322,2.8147,,,41543.40425272014,11.444628476623976
2009-09-01,-0.7999999999999972,6577.4000000000015,20191.8,602.8719092831677,10912.8,6.82775,-0.90033,124808.1076008577,10.6,41889.84794296686,10.734556702255759
2009-10-01,-0.5,4683.199999999997,17533.16,1117.9238741965257,11717.6,6.826725,-6.53785,,,45820.24645955632,13.425917965976431
2009-11-01,0.5999999999999943,6350.0,17924.45,890.0216553598872,11339.0,6.82752380952381,-9.15118,,,45120.771490345855,11.307321995120322
2009-12-01,1.9000000000000057,12282.300000000003,25504.41,859.1998552558578,12610.0,6.827826086956521,-5.47879,137107.2331651122,11.9,46166.21521521002,10.995601700142178
2010-01-01,1.5,4203.0,6507.015,660.3567523420314,12718.1,6.82702,-6.57629,,,39183.330976557205,11.136816077555544
2010-02-01,2.700000000000003,4203.0,6507.015,354.8790835806322,12334.2,6.8277866666666664,-6.69446,,,39587.02261007477,14.148996350182008
2010-03-01,2.4000000000000057,5924.0,16778.66,-337.2018981674762,11321.7,6.826321739130435,-7.85747,118098.88403798349,12.2,39328.53045135151,11.347607066533794
2010-04-01,2.799999999999997,5575.5,16950.06,78.32967431416469,11510.4,6.825790476190476,-5.7153,,,42788.039682272,10.633918501269557
2010-05-01,3.0999999999999943,5786.700000000001,20615.55,910.674062814638,12455.1,6.828069999999999,-0.09822,,,43067.9892859659,10.684989477458885
2010-06-01,2.9000000000000057,8119.200000000001,30689.08,930.37775008322,12329.9,6.8167526315789475,2.37916,128904.50200475453,10.7,43048.47303651663,10.78079924855182
2010-07-01,3.299999999999997,5810.799999999996,21818.87,1319.386953522956,12252.8,6.776654545454545,1.6849,,,45304.930850439676,9.498704966538241
2010-08-01,3.5,6413.700000000004,21131.5,923.1616793484552,12569.8,6.787854545454545,1.43219,,,45641.93381139645,9.865656492048203
2010-09-01,3.5999999999999943,8469.099999999999,24871.83,768.6373276102717,13536.5,6.748994736842104,2.39283,137164.1102533426,9.9,46217.24559150648,10.330420999454049
2010-10-01,4.400000000000006,6488.300000000003,21686.53,1204.4510799823788,14284.8,6.66106875,2.49642,,,49719.51503098989,8.509924919053624
2010-11-01,5.099999999999994,10599.599999999991,23141.72,1013.3467315504696,13910.9,6.6536181818181825,4.73026,,,50203.39930661974,11.264496701616423
2010-12-01,4.599999999999994,17982.100000000006,30717.1,577.8024021969062,15329.5,6.646373913043479,4.37292,150680.8492484583,9.9,50757.93491084868,9.946060499509745
2011-01-01,4.900000000000006,5241.8,8722.08,281.36311830760854,15249.0,6.599115,3.95876,,,43661.10507332447,11.427752529375956
2011-02-01,4.900000000000006,5241.8,8722.08,-316.62659919803787,13769.1,6.583106666666667,1.91162,,,42810.1040686987,8.1417627447528
2011-03-01,5.400000000000006,7569.999999999998,22020.75,5.982637540908286,13588.0,6.566130434782609,1.80123,130026.87132581981,10.1,43555.662183796645,10.748257521785632
2011-04-01,5.299999999999997,7304.4000000000015,23251.32,486.68503715834976,13649.0,6.527257894736842,0.69313,,,47194.53462820984,10.298426800243309
2011-05-01,5.5,8268.0,27538.29,550.4814794613507,14696.8,6.495704761904761,-1.63451,,,47270.67945856765,9.758268826288653
2011-06-01,6.400000000000006,10809.099999999999,34312.17,933.5998312361079,14565.1,6.474334999999999,-1.79795,141666.04770322522,9.9,47200.83361644774,9.645779018477118
2011-07-01,6.5,6950.0,27853.18,1313.0576487995015,14408.0,6.4580238095238105,-0.3957,,,49447.35690404644,9.143433122725009
2011-08-01,6.200000000000003,8076.9000000000015,28187.76,728.3827231154968,14705.0,6.404291304347826,1.46195,,,50037.79828272472,9.631196805755526
2011-09-01,6.099999999999994,10018.600000000006,31666.38,592.593692797681,15865.1,6.389780952380953,4.72382,149920.37250690346,9.3,50435.21732013231,9.126402222033292
2011-10-01,5.5,8079.0,29091.09,690.9052354149793,16546.4,6.368875,7.61132,,,54526.8097708265,9.66882870205039
2011-11-01,4.200000000000003,11396.199999999997,28087.03,587.0111915877957,16128.9,6.356504545454545,6.24611,,,54310.7814217077,8.181482074554204
2011-12-01,4.099999999999994,19974.199999999997,32480.73,665.5485538755254,17739.7,6.347254545454546,6.52414,163790.08313307416,8.7,54952.491940539985,8.263844928007092
2012-01-01,4.5,6962.05,10594.415,1087.5158114656797,16834.3,6.314266666666667,7.65275,,,46246.37577199563,5.9212214036485245
2012-02-01,3.200000000000003,6962.05,10594.415,-1249.5522315845226,16834.3,6.299947619047619,5.63946,,,47259.167599441345,10.392554812768239
2012-03-01,3.5999999999999943,10193.999999999998,26676.57,213.09169789356014,15650.2,6.31349090909091,7.54764,140559.0479032112,8.1,47053.50453177424,8.030740832770178
2012-04-01,3.4000000000000057,7885.700000000001,27726.2,733.014872665333,15603.1,6.3072875,8.63579,,,50921.82917390421,7.897724969760445
2012-05-01,3.0,9165.000000000004,33332.61,748.2710713328489,16714.8,6.326495454545454,9.35782,,,50806.16658345124,7.47923906611585
2012-06-01,2.200000000000003,12724.199999999997,41785.85,1284.6196749166838,16584.9,6.36365,8.8554,152574.33337637357,7.7,50846.337619018115,7.7233890235787195
2012-07-01,1.7999999999999972,9527.699999999997,33601.72,1020.7260752433565,16314.9,6.371090909090909,8.42955,,,53030.99847470517,7.247387514792458
2012-08-01,2.0,9019.600000000006,33646.29,1078.2572649906447,16658.9,6.3595565217391306,7.11823,,,53660.21872893625,7.239368178719707
2012-09-01,1.9000000000000057,11679.0,38974.93,1105.623877217809,18226.6,6.321305,2.98329,161164.4004449212,7.5,54473.183241279796,8.006242732170499
2012-10-01,1.7000000000000028,8616.599999999991,35609.0,1253.377399166087,18933.8,6.259172222222222,1.96864,,,58797.74596191593,7.832727073232348
2012-11-01,2.0,12159.700000000012,33694.18,762.903038680075,18476.7,6.23359090909091,3.06827,,,58881.820103152095,8.416448008640455
2012-12-01,2.5,20816.399999999994,38598.89,1228.7683388675398,20334.2,6.2339714285714285,1.81084,177057.07986685316,8.1,59377.51380178515,8.052449861660783
2013-01-01,2.0,8052.45,12837.96,1127.897703921569,18904.9,6.22076,1.79709,,,50067.57246313388,8.262694378425595
2013-02-01,3.200000000000003,8052.45,12837.96,592.5404698917456,18904.9,6.233186666666667,4.90027,,,50855.99301759256,7.610852244874788
2013-03-01,2.0999999999999943,10931.800000000001,32416.36,-34.16477951877317,17641.2,6.21572380952381,4.9931,151663.2126875649,7.9,50739.647206838454,7.833938644410732
2013-04-01,2.4000000000000057,9307.999999999996,33226.9,695.2851334121208,17600.3,6.187366666666667,6.16359,,,54683.18552473153,7.386530318818352
2013-05-01,2.0999999999999943,10265.600000000006,39891.47,769.9956454514617,18886.3,6.139931818181818,6.18074,,,54747.796319475296,7.758171893464483
2013-06-01,2.700000000000003,13103.699999999997,50106.95,1020.8126206058967,18826.7,6.134694117647059,6.36156,164169.98271297797,7.6,54739.00086877114,7.655739689493468
2013-07-01,2.700000000000003,9354.5,40404.63,670.4583079014784,18513.2,6.134186956521739,7.32768,,,57304.987176903276,8.059415860775697
2013-08-01,2.5999999999999943,9607.600000000006,40855.85,1068.7627913463566,18886.2,6.121745454545455,7.84088,,,57812.57643058267,7.738242221154534
2013-09-01,3.0999999999999943,12856.199999999997,46629.49,569.6053434022795,20653.3,6.120294736842105,9.00348,173896.38808006997,7.9,58778.824472584056,7.9041483811091995
2013-10-01,3.200000000000003,10507.399999999994,42461.68,1157.1244708364973,21491.3,6.099061111111111,7.57225,,,63221.23270457808,7.523225032346148
2013-11-01,3.0,12657.5,39613.28,1254.939405013166,21011.9,6.09322380952381,7.03329,,,63436.79164392993,7.735785906071202
2013-12-01,2.5,25046.800000000003,45245.17,946.0933547745074,23059.7,6.074363636363636,7.66965,190690.47501660086,7.7,64032.45066809286,7.839561760445024
2014-01-01,2.5,8533.35,15141.515,1166.8597746083144,21140.35,6.050942857142857,8.22346,,,53819.113335671114,7.492955396029233
2014-02-01,2.0,8533.35,15141.515,-851.5942311320706,21140.35,6.08636875,6.38602,,,54685.54849054193,7.5301950580821675
2014-03-01,2.4000000000000057,13365.8,38038.69,293.63441903502434,19800.6,6.173085714285714,2.91475,163189.61685181982,7.6,54684.9550256068,7.775591743248511
2014-04-01,1.7999999999999972,9409.800000000003,38756.12,715.2715417163902,19701.2,6.225599999999999,-0.35811,,,58770.527033909355,7.474585596936811
2014-05-01,2.5,12789.799999999996,46638.65,1397.1956191514012,21249.8,6.23663,-1.75382,,,58964.2743446565,7.701639716375741
2014-06-01,2.299999999999997,16522.000000000007,59053.96,1225.3319246973188,21166.4,6.23058,-1.7642,176811.07138187726,7.7,59076.27000331141,7.923544576449704
2014-07-01,2.299999999999997,10256.199999999997,46722.46,1817.828492989901,20775.8,6.199330434782609,-2.03755,,,61408.83697641443,7.16141823196359
2014-08-01,2.0,10203.699999999997,46293.57,1887.7298638615334,21133.9,6.154609523809524,-0.4371,,,62222.76720588647,7.628428012716659
2014-09-01,1.5999999999999943,14025.5,52000.7,1166.1484475015804,23042.4,6.139004761904762,1.65834,186590.82440991508,7.3,62959.22022761417,7.112077848681642
2014-10-01,1.5999999999999943,9909.800000000003,48373.42,1701.682120629864,23967.2,6.121883333333333,4.39549,,,68261.61724154072,7.972613505521942
2014-11-01,1.4000000000000057,12758.599999999991,44906.97,2044.5729846442,23474.7,6.126285,5.39278,,,67880.93355931068,7.00562213222522
2014-12-01,1.5,25354.100000000006,50937.32,1901.3953530235624,25801.3,6.190665217391304,5.72391,204801.57016782934,7.4,68659.01936697793,7.225350038321232
2015-01-01,0.7999999999999972,9432.6,17238.705,2322.1193923363357,23996.25,6.2194400000000005,5.48214,,,57596.41429937101,7.018512066783367
2015-02-01,1.4000000000000057,9432.6,17238.705,2369.0207988775496,23996.25,6.25144,7.17016,,,58484.66884107495,6.9472108361317675
2015-03-01,1.4000000000000057,13950.100000000002,43033.84,119.96134818946261,22722.8,6.239640909090909,11.35009,174776.07964829903,7.1,58694.996507853066,7.3329885347231505
2015-04-01,1.5,12534.5,42467.25,1313.2100120832818,22386.7,6.2025523809523815,13.23241,,,63049.71631830826,7.281182423172594
2015-05-01,1.2000000000000028,13124.099999999999,51266.9,2289.6300261976335,24194.8,6.203945,12.37542,,,63019.43982805946,6.877326191957889
2015-06-01,1.4000000000000057,18813.999999999993,65886.46,1792.1919899882034,24280.3,6.205614285714286,13.053,189364.65744999054,7.1,63295.50130362281,7.142006934552403
2015-07-01,1.5999999999999943,12732.400000000009,51336.64,1658.4958377611813,24338.8,6.208647826086957,14.18926,,,66425.55261143917,8.169370862619552
2015-08-01,2.0,12843.5,50508.86,2420.571502196869,24893.4,6.338952380952381,11.76786,,,66855.31046639722,7.445093602446695
2015-09-01,1.5999999999999943,17798.699999999997,55553.68,2448.4287336691386,25270.6,6.369925,9.07665,199652.18211860914,7.0,66371.31904077272,5.419537918072881
2015-10-01,1.2999999999999972,13491.5,52893.84,2484.0270794288417,28278.9,6.3479705882352935,6.41342,,,72829.52017168225,6.691759021732824
2015-11-01,1.5,16069.399999999994,49757.27,2181.7729066509337,27937.3,6.37142380952381,5.76148,,,73786.69132337472,8.700171689453718
2015-12-01,1.5999999999999943,25544.600000000006,54407.85,2474.043109887118,28634.6,6.45431304347826,3.96099,218932.87850940955,6.9,72316.66701435256,5.3272646202893625
2016-01-01,1.7999999999999972,10585.15,19004.0,2734.7981155347507,26455.15,6.57364,1.84986,,,61491.838633278196,6.763310496482977
2016-02-01,2.299999999999997,10585.15,19004.0,1394.4110641765878,26455.15,6.5408875,1.26289,,,62473.59422553787,6.820463317151271
2016-03-01,2.299999999999997,16788.000000000004,47835.0,1264.5249404351207,25114.1,6.507904347826087,-1.26219,186660.85306438338,6.8,62695.42020556733,6.815612804711613
2016-04-01,2.299999999999997,13109.299999999996,46749.0,1912.3679786900284,24645.8,6.478960000000001,-2.51996,,,67258.57141027637,6.675454447280282
2016-05-01,2.0,15460.500000000007,55079.0,2132.5887147245953,26610.7,6.532171428571429,-2.0076,,,67096.32477425138,6.469249738358807
2016-06-01,1.9000000000000057,22636.899999999994,70689.0,2083.87987414855,26857.4,6.595205,-4.16505,202052.0894991399,6.7,67697.19331461216,6.954194090153143
2016-07-01,1.7999999999999972,12768.300000000003,53334.0,2239.901068954138,26827.4,6.677966666666667,-6.5802,,,70503.70785945527,6.1394374419006414
2016-08-01,1.2999999999999972,14186.800000000003,54645.0,2301.3371808918455,27539.6,6.649404347826088,-6.84039,,,71535.66593919568,7.000723562791467
2016-09-01,1.9000000000000057,19836.100000000006,60567.0,1869.1138878627517,27976.4,6.67281,-6.45192,213028.87832055593,6.7,70989.504521905,6.958104114663244
2016-10-01,2.0999999999999943,11818.599999999977,57523.0,2219.8077613558403,31119.2,6.74693125,-5.78504,,,77690.33529102475,6.674237462891441
2016-11-01,2.299999999999997,18064.20000000001,54119.0,2070.097555097251,30958.5,6.8413,-6.72381,,,79192.22712718818,7.325895370648028
2016-12-01,2.0999999999999943,,57953.0,1951.3728355612532,31757.0,6.923536363636364,-5.40877,233820.3142480494,6.8,76937.75182983646,6.390068854482411
2017-01-01,2.5,12429.85,20689.0,2441.288441269175,28979.85,6.895538888888889,-4.66077,,,65751.65887103099,6.927456281080291
2017-02-01,0.7999999999999972,12429.85,20689.0,-432.1430398632975,28979.85,6.873188888888889,-6.47372,,,66630.8299502505,6.654388588088045
2017-03-01,0.9000000000000057,21057.499999999996,52399.0,1137.5357678781538,27863.7,6.896591304347826,-6.15921,199727.11277889024,7.0,67344.62395760872,7.415539662701787
2017-04-01,1.2000000000000028,13635.5,50550.0,1806.2750821512893,27278.5,6.8915,-5.20967,,,71746.30861600552,6.6723647434525635
2017-05-01,1.5,16914.699999999997,59391.0,1936.24163842383,29459.2,6.88941,-5.20139,,,71853.24047955172,7.089681471086839
2017-06-01,1.5,27015.90000000001,76887.0,1981.0829808563417,29807.6,6.807227272727272,-3.38589,216195.7357640797,7.0,72596.18666852245,7.236626976753646
2017-07-01,1.4000000000000057,13496.099999999991,56804.0,2143.144704833079,29609.8,6.772542857142857,-2.32748,,,75492.76018097495,7.076297790557384
2017-08-01,1.7999999999999972,14647.300000000017,56741.0,1865.6935194146251,30329.7,6.671343478260869,-1.00782,,,76243.80726456681,6.581530015213666
2017-09-01,1.5999999999999943,20246.399999999994,64328.0,1233.887716272863,30870.3,6.567699999999999,-0.0205,227727.87092467427,6.9,75991.30347913249,7.045828803727039
2017-10-01,1.9000000000000057,11121.799999999988,59340.0,1673.1809369311482,34240.9,6.619494117647058,0.44152,,,82240.46101517609,5.856746153954351
2017-11-01,1.7000000000000028,16565.5,57239.0,1763.3887141826172,34108.2,6.621936363636364,-0.22463,,,84842.7044840543,7.135141366577624
2017-12-01,1.7999999999999972,23769.600000000006,56627.0,2375.463141602073,34734.1,6.5908476190476195,-0.93108,249720.09561691678,6.8,82636.93011768638,7.407518613820185
2018-01-01,1.5,14530.9,22313.0,841.1504720581856,30540.9,6.429304545454546,-0.43342,,,70126.65577988607,6.653819818350826
2018-02-01,2.9000000000000057,14530.9,22313.0,1345.143703213711,30540.9,6.31302,2.95195,,,71589.24684346477,7.441625591211221
2018-03-01,2.0999999999999943,21935.2,56137.0,-198.98886077025037,29193.6,6.319440909090909,2.82766,213508.28356063366,6.9,71792.38093728281,6.60447221811471
2018-04-01,1.7999999999999972,14695.600000000006,53595.0,1125.2909549089416,28541.9,6.296655555555556,3.97627,,,77199.23529228938,7.600288825267021
2018-05-01,1.7999999999999972,17002.59999999999,61685.0,1012.6612376776872,30359.1,6.3744772727272725,5.44482,,,76370.25639694868,6.286447051309296
2018-06-01,1.9000000000000057,28896.90000000001,81273.0,1733.495896630391,30841.6,6.465385,4.44607,231113.24153180118,6.9,77543.74984256313,6.815183277644432
2018-07-01,2.0999999999999943,13944.399999999994,58482.0,1265.1342239215908,30733.7,6.715863636363636,1.33779,,,80297.01364726189,6.3638598651976075
2018-08-01,2.299999999999997,15137.0,59360.0,1307.95600037256,31542.3,6.848626086956522,-0.17661,,,81676.0112228399,7.124780560109323
2018-09-01,2.5,22616.0,68284.0,1489.553925239298,32005.4,6.854642105263158,-0.94301,242985.63827662743,6.7,81012.61340652568,6.607742856749477
2018-10-01,2.5,12030.799999999988,64125.0,1636.5786927531287,35534.4,6.936283333333333,-1.58454,,,88896.45690951422,8.093334852670498
2018-11-01,2.200000000000003,16430.600000000006,61700.0,2015.5954707809994,35259.7,6.938999999999999,-1.535,,,89872.63294954528,5.928533862845375
2018-12-01,1.9000000000000057,29155.100000000006,26369.0,2705.046964810342,35893.5,6.88552,-0.80703,265951.90183201636,6.5,87182.81197295681,5.501029441433114
2019-01-01,1.7000000000000028,16657.0,22424.5,1832.8664742120513,33032.0,6.786668181818182,-0.87062,,,74635.38335421387,6.429406228182066
2019-02-01,1.5,16657.0,22424.5,185.23530114474687,33032.0,6.737186666666667,-1.25569,,,75974.03347627973,6.124923541104743
2019-03-01,2.299999999999997,25315.0,57022.0,1471.729910075366,31725.7,6.711704761904762,0.1104,227172.81370851424,6.4,76563.39687802063,6.645574193876835
2019-04-01,2.5,17038.0,53876.0,624.0609896809239,30586.1,6.716447619047619,-0.44048,,,81439.26813639444,5.49232492789804
2019-05-01,2.700000000000003,17356.0,61808.0,1967.430842399186,32955.7,6.872275,-2.50721,,,80932.36709757053,5.973674720835587
2019-06-01,2.700000000000003,30515.0,81545.0,2428.022677896,33878.1,6.9015,-3.28526,245211.14926524102,6.1,82839.51403127603,6.829388828196814
2019-07-01,2.799999999999997,14425.0,49792.0,2110.2111871698276,33073.3,6.877526086956522,0.23721,,,84329.17180876496,5.0215543248171235
2019-08-01,2.799999999999997,15106.0,51736.0,1737.547905592915,33896.3,7.063445454545455,0.02081,,,87264.27994286509,6.841995141974433
2019-09-01,3.0,25543.0,60576.0,2009.7339704248798,34494.9,7.11965,-0.40356,257564.7765732251,6.0,85971.32482159509,6.120912789452082
2019-10-01,3.799999999999997,11975.0,49676.0,2157.8775076837487,38104.3,7.082527777777778,0.71673,,,96083.75854697479,8.08502598115508
2019-11-01,4.5,15876.0,22838.0,1853.259218891055,38093.8,7.018919047619048,2.20328,,,93077.9251343604,3.5664830100332834
2019-12-01,4.5,32411.0,17760.0,2323.853036705336,38776.7,7.015963636363637,0.94748,281643.0640401053,5.9,92481.38035877013,6.07753783791336
2020-01-01,5.400000000000006,16175.0,16661.5,2615.9797405426198,26064.9,6.916131249999999,2.18546,,,67681.27314133341,-9.317444220627614
2020-02-01,5.200000000000003,16175.0,16661.5,-3042.574462336025,26064.9,6.9985550000000005,1.53199,,,71089.49353137039,-6.4292228823606745
2020-03-01,4.299999999999997,22934.0,50822.0,982.3443762052008,26449.9,7.0201363636363645,1.48371,211725.06237633526,-6.8,72954.29570363146,-4.713872844669009
2020-04-01,3.299999999999997,18311.899999999994,52679.0,2268.072132291367,28177.8,7.0732857142857135,1.43791,,,82781.76323133952,1.6484616397788088
2020-05-01,2.4000000000000057,16685.100000000006,62370.0,3183.6319430159874,31972.8,7.1128944444444455,1.16338,,,84205.85162546353,4.0447161565737355
2020-06-01,2.5,26130.0,82409.0,2331.0901872933996,33525.9,7.086345,0.85957,253057.90604172874,3.2,86070.29118492572,3.900043585999202
2020-07-01,2.700000000000003,17088.0,47611.0,3064.3352221375603,32202.5,7.0116956521739136,1.00833,,,88166.17337440565,4.550028754393476
2020-08-01,2.4000000000000057,16426.0,49620.0,2829.5016736063785,33570.6,6.929552380952381,2.39309,,,90928.5478629044,4.199046760528402
2020-09-01,1.7000000000000028,25260.0,57696.0,1716.5038716787906,35294.7,6.811259090909091,4.03117,270185.4506253131,4.9,91090.72938800303,5.954781523992536
2020-10-01,0.5,14254.0,46762.0,2626.56264973019,38576.5,6.70389375,3.95008,,,100826.80778571473,4.936369382782924
2020-11-01,-0.5,18407.0,16268.0,3289.2956609937537,39514.2,6.604847619047619,2.87777,,,100092.1114066302,7.535821476622551
2020-12-01,0.20000000000000284,37742.0,19347.0,3344.902239634454,40566.0,6.541256521739131,3.27484,299949.86320271215,6.5,99030.94401036721,7.082034920098357
2021-01-01,-0.29999999999999716,17866.25,22618.0,2737.37501595313,34868.4,6.47067,2.20867,,,82234.09136619062,21.50198651622248
2021-02-01,-0.20000000000000284,17866.25,22618.0,1580.4471934877556,34868.4,6.4593066666666665,2.39645,,,83552.9811673056,17.53210920040571
2021-03-01,0.4000000000000057,22970.5,50758.0,584.5605883218573,35484.1,6.508895652173913,1.9757,251741.09916546266,18.9,85954.02663196645,17.81900682194908
2021-04-01,0.9000000000000057,17693.0,47810.0,1821.6638559846563,33152.6,6.519390476190477,1.06067,,,90183.91915576816,8.941771273635224
2021-05-01,1.2999999999999972,17157.0,50113.0,1878.7483071545169,35945.1,6.423027777777778,2.65308,,,90878.2631170294,7.923928518939372
2021-06-01,1.0999999999999943,28123.0,61983.0,2127.1026139449496,37585.8,6.425080952380953,4.3947,273555.5964311088,8.1,92493.41415831118,7.462648127430049
2021-07-01,1.0,16252.0,46633.0,2371.8416654198963,34925.1,6.474004545454545,4.29867,,,95136.94909365865,7.906406110709785
2021-08-01,0.7999999999999972,17443.0,44380.0,2446.8266163213225,34394.9,6.476727272727273,4.06463,,,94508.72564136963,3.937352858491905
2021-09-01,0.7000000000000028,23922.0,50914.0,2783.043891968725,36833.0,6.456570000000001,2.307,285045.6504097053,5.5,95399.97567467706,4.730718829046476
2021-10-01,1.5,14668.0,47996.0,3478.0329865974,40453.9,6.4140999999999995,3.165,,,104145.8139616433,3.2917894048400287
2021-11-01,2.299999999999997,19963.0,48259.0,2927.120188627368,41043.2,6.388963636363636,3.82524,,,105996.56449832549,5.899019421928364
2021-12-01,1.5,32398.0,50465.0,3831.5232437695327,41268.9,6.368860869565218,4.47496,313447.6070468342,4.5,103305.22858686544,4.316110099940862
2022-01-01,0.9000000000000057,19113.5,25381.5,3447.710086820179,37213.0,6.354884210526316,2.73785,,,87528.80752686193,6.438590215697526
2022-02-01,0.9000000000000057,19113.5,25381.5,1229.507053100235,37213.0,6.340425,1.96475,,,88583.72310486082,6.0210202763222975
2022-03-01,1.5,25360.0,54109.0,1907.0831175243736,34233.1,6.344352173913043,3.07081,263824.67192540487,4.8,87712.1412936821,2.045412798685331
2022-04-01,2.0999999999999943,17346.0,48672.0,2116.4933254238226,29483.1,6.434473684210526,3.20745,,,88884.12014358384,-1.4412758109783042
2022-05-01,2.0999999999999943,18126.0,52420.0,3549.425639549273,33547.0,6.713573684210527,-0.45204,,,90633.75441407814,-0.26905080991302954
2022-06-01,2.5,29828.0,65466.0,4391.366024307289,38742.5,6.696066666666667,-0.22622,275744.0412025576,0.8,96226.16664489564,4.035695428212338
2022-07-01,2.700000000000003,17864.0,48382.0,4592.291959287409,35870.1,6.734019047619047,0.99619,,,97716.12766471542,2.7110166929125157
2022-08-01,2.5,18426.0,47294.0,3672.3597873637927,36257.9,6.801265217391305,-0.51753,,,99762.73043734465,5.559280119713272
2022-09-01,2.799999999999997,25212.0,54306.0,4183.327085036588,37744.9,7.026138095238095,-1.26904,296447.47642609355,4.0,98968.61832403348,3.7407165191800873
2022-10-01,2.0999999999999943,15945.0,50047.0,4437.058134397992,40270.5,7.2186375,-4.37584,,,109177.70781500555,4.831585314812048
2022-11-01,1.5999999999999943,20921.0,48584.0,3598.8607274088795,38615.1,7.178445454545455,-7.76847,,,107241.30589647737,1.1743223981297346
2022-12-01,1.7999999999999972,33354.0,52095.0,3798.188916981325,40542.3,6.977713636363637,-7.86687,322851.03525823925,3.0,106432.0215467563,3.026751891131685
2023-01-01,2.0999999999999943,20449.0,26788.5,4611.967926681739,38533.5,6.788975,-6.60512,,,90777.3135992522,3.71135648271379
2023-02-01,1.0,20449.0,26788.5,786.1546948955298,38533.5,6.836409999999999,-7.35808,,,91956.37956825472,3.8073094527778295
2023-03-01,0.7000000000000028,27017.0,53705.0,4196.20228151536,37855.4,6.897926086956522,-8.90977,276224.4315058989,4.7,93490.73833839195,6.588138152233314
2023-04-01,0.09999999999999432,18503.0,40200.0,4281.143179569313,34910.5,6.888942105263158,-9.38985,,,96305.23385560517,8.34920084716282
2023-05-01,0.20000000000000284,18403.0,41333.0,3223.496975065015,37803.3,6.998704999999999,-7.13722,,,97616.87067768651,7.704763317764196
2023-06-01,0.0,29072.0,54298.0,3622.439973828192,39951.4,7.16204,-9.33557,293667.40388072387,6.5,99745.29934743218,3.6571473490399242
2023-07-01,-0.29999999999999716,17730.0,42785.0,4165.353570372222,36760.7,7.188833333333333,-11.76869,,,102812.31376418244,5.215296820759319
2023-08-01,0.09999999999999432,19759.0,41144.0,3596.4744518003818,37932.7,7.253330434782609,-10.00196,,,104209.15111400833,4.4569957710371755
2023-09-01,0.0,26515.0,47993.0,4136.7989727564745,39826.0,7.29615,-8.80957,311269.85024739825,5.0,104248.38536920749,5.334789082219493
2023-10-01,-0.20000000000000284,17837.0,44374.0,3019.9940960698086,43333.0,7.309094117647058,-6.95967,,,114010.23352601951,4.426293432723805
2023-11-01,-0.5,22728.0,41405.0,3572.382943675339,42505.0,7.226881818181818,-5.32618,,,113985.89909501153,6.2891748120307955
2023-12-01,-0.29999999999999716,36112.0,42222.0,3842.0275872649463,43550.2,7.141138095238095,-5.42898,339962.1401269259,5.3,111966.00750589492,5.19954979593007
2024-01-01,-0.7999999999999972,21812.0,25423.5,4393.936814237804,40653.45,7.170518181818181,-6.57291,,,95947.59911479935,5.695570083040824
2024-02-01,0.7000000000000028,21812.0,25423.5,2054.4157422426606,40653.45,7.1931,-4.88377,,,97239.46424941355,5.745207353707804
2024-03-01,0.09999999999999432,26232.0,49195.0,3037.569096568938,39019.9,7.202771428571428,-5.36525,290864.32637571153,5.3,97677.26301149865,4.478010065503479
2024-04-01,0.29999999999999716,19627.0,43359.0,3791.6433925052797,35699.1,7.2392650000000005,-3.76547,,,100875.82729396934,4.745945007741814
2024-05-01,0.29999999999999716,18876.0,44605.0,4322.820001643437,39211.0,7.233375,-3.16785,,,102495.46131831878,4.997692106665141
2024-06-01,0.20000000000000284,28212.0,57385.0,5214.580976128349,40731.6,7.255752631578947,-0.8481,307469.7718631179,4.7,104098.48325082973,4.364299803477012
2024-07-01,0.5,18892.0,42220.0,4464.998326867532,37757.4,7.262813043478261,0.08768,,,107459.6652246769,4.5202284535235115
2024-08-01,0.5999999999999943,18435.0,41774.0,4656.532718888062,38725.8,7.152504545454545,-0.40353,,,108709.32486157218,4.31840553296563
2024-09-01,0.4000000000000057,27881.0,49593.0,4093.4549602653206,41112.3,7.077905263157895,-0.87824,325588.2633587786,4.6,109419.27327252954,4.960161143032349
2024-10-01,0.29999999999999716,19686.0,44244.0,4833.14025332851,45396.4,7.10585,-0.46481,,,120382.96696153823,5.589615281389926
2024-11-01,0.20000000000000284,23588.0,42617.0,5064.657529671739,43763.0,7.2094047619047625,-0.19625,,,119856.68577017452,5.150449943171886
2024-12-01,0.09999999999999432,39559.0,48535.0,5559.468402788044,45171.5,7.282113636363636,-0.64026,358320.09569377993,5.4,118080.44296206719,5.460974801526564
2025-01-01,0.5,22548.0,26309.5,7417.334740923562,41865.3,7.310294444444444,0.26178,,,101168.9472869701,5.441874752825782
2025-02-01,-0.7000000000000028,22548.0,26309.5,1679.8560650819877,41865.3,7.277422222222222,-1.84371,,,102042.17588666284,4.939056045116219
2025-03-01,-0.09999999999999432,27719.0,50555.0,5396.3210562833065,40940.5,7.250790476190477,-1.85347,306571.0,5.4,103359.87682636704,5.817744723456686
2025-04-01,-0.09999999999999432,20766.0,43850.0,5128.957899223822,37174.1,7.302504761904761,-4.79564,,,105848.26467797841,4.929265531095517
2025-05-01,-0.09999999999999432,19372.0,44923.0,5362.961491768281,41325.8,7.208078947368421,-4.73158,,,108183.40731823389,5.549461338829564
2025-06-01,0.09999999999999432,28318.0,56707.0,5918.018487307675,42287.4,7.181405,-5.42823,323458.2,5.2,109426.52800378772,5.118273183788702
2025-07-01,0.0,19466.0,39575.0,5054.3978137807235,38780.2,7.172660869565218,-5.25624,,,112314.56786400412,4.517883644227427
2025-08-01,-0.4000000000000057,18587.0,37882.0,5267.957829373786,39667.6,7.175004761904761,-4.89488,,,114391.04736619424,5.226527266043668
2025-09-01,-0.29999999999999716,28740.0,45424.0,4591.293104912016,41971.0,7.124745454545454,-4.4848,341216.5,4.8,114510.88476980166,4.653304070655362
2025-10-01,0.20000000000000284,17761.0,37379.0,4566.379716076286,46291.3,7.120094117647059,-4.45265,,,126987.67919785705,5.48641755808279
2025-11-01,0.7000000000000028,22713.0,35121.0,5642.301836913874,43898.0,7.108015,-3.14617,,,124442.61634631366,3.8261783618251277
2025-12-01,0.7999999999999972,38857.0,41151.0,5659.254960184817,45135.9,7.042439130434783,-2.43556,374444.5,4.5,123014.20445582933,4.178305373860325
