date,realgdp_monthly_yoy,cpi,CNYUSDSpot,trade balance,current consumption,FR007,omo7d,CNYUSDCPR,IP_yoy,cmpi,cmpi_n_indicators,neer_yoy,target_gdp,target_cpi,shock_policy,shock_policy_change
2000-01-01,,-0.2000000000000028,8.279219047619048,127.40757724876192,2962.9,2.552,2.57,8.279242857142856,10.4,0.4194033415316496,9.0,-1.07455,7.0,2.0,-0.06000000000000005,0.0
2000-02-01,,0.7000000000000028,8.27786875,111.4839357430625,2804.9,2.5133333333333336,2.5399999999999996,8.277766666666666,12.0,0.3901909420457455,9.0,-0.34269,7.0,2.0,4.440892098500626e-16,0.010000000000000231
2000-03-01,,-0.2000000000000028,8.278560869565217,193.13079488291305,2626.6,2.4610869565217395,2.49,8.278521739130435,11.9,0.3180662885028452,9.0,-3.20897,7.0,2.0,-0.010000000000000231,0.015000000000000124
2000-04-01,,-0.2999999999999971,8.279285,177.14333348145,2571.5,2.4250000000000003,2.48,8.279315,11.4,0.3116896224480066,9.0,-2.82634,7.0,2.0,0.14500000000000002,0.0
2000-05-01,,0.0999999999999943,8.277527777777777,259.8106547991667,2636.9,2.394722222222222,2.48,8.277616666666667,11.5,0.3116896224480066,9.0,-0.79692,7.0,2.0,-0.020000000000000018,0.0
2000-06-01,,0.5,8.2772,156.568866496,2645.2,2.3740909090909095,2.48,8.277213636363635,12.2,0.3272689251918314,8.0,-2.13165,7.0,2.0,-0.009999999999999787,0.0
2000-07-01,,0.5,8.279338095238096,164.5005955400476,2596.9,2.3592857142857144,2.48,8.279304761904763,12.8,0.3272689251918314,8.0,-1.57618,7.0,2.0,-0.004999999999999893,0.0
2000-08-01,,0.2999999999999971,8.279569565217392,210.4207067367391,2636.3,2.3293478260869565,2.48,8.279582608695653,12.8,0.1932830608754878,11.0,0.69577,7.0,2.0,-0.020000000000000462,0.0
2000-09-01,,0.0,8.278580952380953,186.951551072,2854.3,2.3104545454545455,2.48,8.278523809523811,12.0,0.413657655549922,8.0,1.95946,7.0,2.0,-0.015000000000000124,0.0
2000-10-01,,0.0,8.278335294117646,321.4951943318235,3029.3,2.3058333333333336,2.4,8.278341176470589,11.4,0.2529717301239469,9.0,3.96717,7.0,2.0,0.0,0.0
2000-11-01,,1.2999999999999972,8.2774,42.545835999999994,3107.8,2.310227272727273,2.4,8.277413636363637,10.6,0.23230187384305,11.0,5.43732,7.0,2.0,0.012000000000000455,0.0
2000-12-01,,1.5,8.277138095238096,47.33686999528572,3680.0,2.461190476190476,2.425,8.277186363636364,10.4,0.1867244080512514,10.0,5.7687,7.0,2.0,0.0699999999999994,0.04999999999999982
2001-01-01,10.59980856892484,1.2000000000000028,8.277264705882354,114.3474320964706,3332.8,2.4865789473684208,2.5,8.277258823529412,10.2,0.3494143307585711,7.0,5.43109,7.0,2.0,0.06000000000000005,0.0
2001-02-01,8.813782963382376,0.0,8.277035,80.53612994244999,3047.1,2.5224,2.5,8.277117647058823,19.0,0.587015624914697,6.0,2.92289,7.0,2.0,0.016999999999999904,0.0
2001-03-01,9.095953531706336,0.7999999999999972,8.277531818181817,195.88588664495452,2876.1,2.496636363636364,2.5,8.277544444444445,12.1,0.6095101227360759,6.0,5.95687,7.0,1.5,0.0,0.0
2001-04-01,8.34627391565208,1.5999999999999943,8.277104761904761,77.21719309485714,2820.9,2.4213478260869565,2.5,8.27712,11.5,0.5653117150140147,7.0,7.65693,7.0,1.5,-0.020000000000000018,0.0
2001-05-01,9.019365827556536,1.7000000000000028,8.277183333333333,165.9360879285,2929.6,2.385022222222222,2.5,8.277125,10.2,0.6031321117772569,6.0,5.28853,7.0,1.5,0.009599999999999831,0.0
2001-06-01,8.42897304475776,1.4000000000000057,8.277038095238096,68.65761714809524,2908.7,2.3544285714285715,2.5,8.277042857142858,10.1,0.6010061081243172,6.0,7.41096,7.0,1.5,0.0,0.0
2001-07-01,8.715841960058412,1.5,8.276890909090909,159.9254239941818,2851.4,2.304459090909091,2.5,8.276900000000001,8.1,0.5827224767090364,6.0,7.58281,7.0,1.5,-0.0029000000000003467,0.0
2001-08-01,6.991417520613541,1.0,8.27696956521739,114.10530918973912,2889.4,2.2988695652173914,2.5,8.27694347826087,8.1,0.0657167634782354,8.0,4.28126,7.0,1.5,-0.0030000000000001137,0.0
2001-09-01,8.293190942804184,-0.0999999999999943,8.276819999999999,177.02206034579996,3136.9,2.2601363636363634,2.5,8.276833333333332,9.5,0.4392429306024554,6.0,2.04109,7.0,1.5,0.0,0.0
2001-10-01,6.529121179341946,0.2000000000000028,8.276805555555555,321.8615446958333,3347.3,2.1840555555555556,2.5,8.276816666666667,8.8,0.4392429306024554,6.0,2.11842,7.0,1.5,-0.0019999999999997797,0.0
2001-11-01,8.354419516491607,-0.2999999999999971,8.276877272727273,261.1550113849091,3421.7,2.140090909090909,2.5,8.276881818181817,7.9,0.4392429306024554,6.0,1.8492,7.0,1.5,-0.0009999999999998899,0.0
2001-12-01,7.613258971537573,-0.2999999999999971,8.276838095238096,174.84605278400005,4033.3,2.140217391304348,2.3833333333333333,8.27682,8.7,0.3221635968742209,7.0,2.87056,7.0,1.5,-0.0029999999999996696,0.002000000000000224
2002-01-01,8.868218525467796,-1.0,8.27667,226.1909624958,3596.1,2.13739,2.15,8.276683333333333,10.9,0.3067927577515484,7.0,3.25821,7.0,1.5,0.0009999999999998899,0.0
2002-02-01,9.147946242459092,0.0,8.276646666666666,266.4014194576,3324.4,2.07935294117647,2.09,8.276653846153845,2.7,-0.473913969652571,8.0,4.57466,7.0,1.5,-0.16399999999999992,-0.010000000000000009
2002-03-01,8.985155414087442,-0.7999999999999972,8.27707619047619,110.38482626219049,3114.8,1.958,1.97,8.27707619047619,10.9,-0.4227327256638279,7.0,1.15747,7.0,1.5,-0.0050000000000001155,0.0
2002-04-01,7.529623672714192,-1.2999999999999972,8.277204545454545,80.45252442477272,3052.2,1.9534375,1.97,8.277172727272726,12.1,-0.4227327256638279,7.0,-1.1812,7.0,1.5,-0.0045000000000001705,0.0
2002-05-01,10.194038745740786,-1.0999999999999943,8.276894444444444,183.00792999277775,3202.1,1.9527833333333335,1.97,8.276944444444444,12.9,-0.4227327256638279,7.0,-2.63225,7.0,1.5,-0.0020999999999999908,0.0
2002-06-01,8.94394100753033,-0.7999999999999972,8.27705,241.57563670999997,3158.8,1.95235,1.97,8.277050000000001,12.4,-0.4902015052574719,10.0,-4.69328,7.0,1.5,0.0030000000000001137,0.0
2002-07-01,9.929850156371046,-0.9000000000000057,8.276795652173913,183.9373817451304,3096.6,1.9503913043478265,1.97,8.2768,12.8,-0.4788896725996253,9.0,-7.26463,7.0,1.5,0.0020000000000000018,0.0
2002-08-01,9.505908784729057,-0.7000000000000028,8.27671818181818,184.77847831372728,3143.7,1.9658181818181817,1.97,8.276704545454544,12.7,-0.291941165942321,8.0,-4.59919,7.0,1.5,0.0,0.0
2002-09-01,9.662325910487258,-0.7000000000000028,8.276985714285715,175.19200394628572,3422.4,2.175391304347826,1.97,8.276961904761905,13.8,-0.1596494663760863,11.0,-3.62385,7.0,1.5,-0.020000000000000018,0.0
2002-10-01,9.0160208281584,-0.7999999999999972,8.276966666666667,393.101205917,3661.9,2.2460222222222224,1.97,8.276947368421053,14.2,-0.2181475784840427,6.0,-3.74952,7.0,1.5,0.0009999999999998899,0.0
2002-11-01,9.884326942613296,-0.7000000000000028,8.277071428571428,204.82374740571427,3733.1,2.231157142857143,1.97,8.277138095238096,14.5,-0.2181475784840427,6.0,-5.61309,7.0,1.5,0.0,0.0
2002-12-01,8.719754530860646,-0.4000000000000057,8.277240909090908,261.30479766595454,4404.4,2.3019772727272727,1.97,8.277245454545456,14.9,-0.3167388129726629,7.0,-6.5449,7.0,1.5,-0.01499999999999968,0.0
2003-01-01,11.604288717062229,0.4000000000000057,8.276827272727273,-102.6476392391818,3907.4,2.2806363636363636,2.3,8.276872222222224,17.5,-0.2756258233171925,7.0,-8.76777,7.0,1.5,-0.052999999999999936,-0.005999999999999783
2003-02-01,10.88493669651418,0.2000000000000028,8.277446666666666,55.94957970506666,3706.4,2.249564705882353,2.3,8.277373333333333,19.8,-0.2084004248325616,7.0,-9.58466,7.0,1.5,-0.040000000000000036,0.0
2003-03-01,11.108590318573896,0.9000000000000057,8.277238095238095,-37.89708630190477,3494.8,2.0577959999999997,2.3,8.27722380952381,16.9,-0.2359817127819417,7.0,-8.43707,7.0,1.0,-0.007399999999999851,0.0
2003-04-01,10.740259772399009,1.0,8.277136363636364,84.08461409181818,3406.9,1.961845454545455,2.3,8.277145454545455,14.9,-0.2665862473771686,8.0,-7.64242,7.0,1.0,0.0020000000000000018,0.0
2003-05-01,6.819042996663471,0.7000000000000028,8.276888235294118,185.2433802164706,3463.3,2.0255315789473687,2.3,8.276894736842104,13.7,-0.3036838717284743,8.0,-8.42366,7.0,1.0,0.0,0.0
2003-06-01,10.134097232924733,0.2999999999999971,8.27708095238095,177.10329403433332,3576.9,2.161090476190476,2.3,8.277038095238094,16.9,-0.2733809223564509,8.0,-7.22601,7.0,1.0,0.005999999999999783,0.0
2003-07-01,9.31177015291329,0.5,8.277247826086956,132.10007450060868,3562.1,2.207808695652174,2.3,8.277239130434783,16.5,-0.2297591468624208,8.0,-4.47249,7.0,1.0,-0.00649999999999995,0.0
2003-08-01,11.009992860009056,0.9000000000000057,8.277014285714285,231.23238222557143,3609.6,2.212847619047619,2.24,8.27702380952381,17.1,-0.2160556827807347,9.0,-4.34427,7.0,1.0,0.10499999999999998,0.10499999999999998
2003-09-01,9.993037107639458,1.0999999999999943,8.277140909090908,23.86812906827272,3971.8,2.9184708333333336,2.76685,8.277145833333334,16.3,-0.2686614317100956,10.0,-5.8221,7.0,1.0,0.12029999999999985,0.05030000000000001
2003-10-01,11.976612815978216,1.7999999999999972,8.276716666666665,474.53760443533326,4204.4,3.0864611111111113,2.76685,8.276733333333333,17.2,0.0106248520729133,7.0,-8.04552,7.0,1.0,0.05379999999999985,0.0
2003-11-01,9.837542851631408,3.0,8.276925,402.9771576285,4202.7,2.69975,3.7561,8.276900000000001,17.9,0.2767505142503185,8.0,-5.5405,7.0,1.0,0.3049999999999997,0.3049999999999997
2003-12-01,8.581235030737444,3.200000000000003,8.276982608695652,473.8864720964348,4735.7,2.1447,3.7561,8.276995652173913,18.1,-0.1873380004658226,7.0,-6.50109,7.0,1.0,-0.009300000000000086,0.0
2004-01-01,10.861845052399,3.200000000000003,8.27694375,-2.020070891625,4569.4,2.501761111111111,3.7561,8.276926666666666,16.6,-0.1413165326565826,8.0,-5.97403,7.0,1.0,0.0,0.0
2004-02-01,10.231994758097663,2.0999999999999943,8.277125,-651.5757766275,4211.4,2.217895,3.7561,8.277121052631578,23.2,-0.2468882772351632,8.0,-7.1215,7.0,1.0,0.0,0.0
2004-03-01,10.70194416388981,3.0,8.277013043478261,-44.68991098539131,4049.8,1.9171347826086955,3.7561,8.277121739130436,19.4,-0.3312830477312653,8.0,-5.21835,7.0,3.0,-0.006600000000000161,0.0
2004-04-01,12.189113179193644,3.799999999999997,8.276918181818182,-186.23645293363637,4001.8,2.117609090909091,3.7561,8.276914285714286,19.1,-0.5576754343217576,9.0,-4.32328,7.0,3.0,-0.0900000000000003,0.0
2004-05-01,11.641012501218228,4.400000000000006,8.27704375,174.0548905125625,4166.1,2.1807833333333333,3.7561,8.277063157894737,17.5,0.0746721143666756,9.0,0.04278,7.0,3.0,0.07699999999999996,0.0
2004-06-01,10.98274490300344,5.0,8.276663636363637,152.5952748975455,4250.7,2.4169636363636364,3.7561,8.27666818181818,16.2,0.0624981568209188,8.0,-0.51926,7.0,3.0,-0.0015000000000000568,0.0
2004-07-01,10.513739091390972,5.299999999999997,8.276736363636363,168.15216238036365,4209.2,2.342322727272727,3.7561,8.276717391304349,15.5,-0.0222606244347569,9.0,-1.40744,7.0,3.0,0.0,0.0
2004-08-01,8.757918925389152,5.299999999999997,8.2768,371.595047264,4262.7,2.2827363636363636,3.7561,8.276813636363636,15.9,-0.0029955777414481,8.0,-1.42369,7.0,3.0,-0.014799999999999702,0.0
2004-09-01,10.123937029830763,5.200000000000003,8.27665,413.1807138125,4717.7,2.143731818181818,3.7561,8.27665238095238,16.1,0.0558175889255466,9.0,-0.54379,7.0,3.0,-0.07699999999999996,0.0
2004-10-01,7.043217204725116,4.299999999999997,8.27651875,586.8304227571874,4983.2,2.1443222222222222,3.7561,8.27655,15.7,-0.0384127814163541,8.0,-0.56777,7.0,3.0,0.15409999999999968,0.15409999999999968
2004-11-01,9.709650411242144,2.799999999999997,8.276499999999999,819.0225763999998,4965.6,2.092409090909091,3.7561,8.276499999999999,14.8,0.0641446602027261,7.0,-4.53177,7.0,3.0,9.999999999998899e-05,0.0
2004-12-01,9.62266238638303,2.4000000000000057,8.276499999999999,916.742632545,5562.5,1.8736521739130436,3.7561,8.276499999999999,14.4,0.1250432343977311,9.0,-4.77573,7.0,3.0,-0.0040999999999999925,0.0
2005-01-01,10.391456938424914,1.9000000000000057,8.276499999999999,537.478641245,5300.9,1.844875,3.7561,8.2765,16.9,0.1727901895211958,9.0,-3.46031,7.0,3.0,-0.006000000000000005,0.0
2005-02-01,11.8564671457414,3.9000000000000057,8.276499999999999,360.60230462999994,5012.2,2.0505176470588236,3.7561,8.2765,7.6,-0.113305844602995,11.0,-1.27305,7.0,3.0,-0.007900000000000018,0.0
2005-03-01,11.365454255849606,2.700000000000003,8.276499999999999,474.4923243549999,4799.1,1.7142217391304349,3.7561,8.2765,15.1,-0.4331327574222405,9.0,-4.3031,8.0,4.0,-0.025000000000000133,0.0
2005-04-01,11.484193908424787,1.7999999999999972,8.276499999999999,379.9804051399999,4663.3,1.2939227272727274,3.7561,8.2765,16.0,-0.7050486116725693,8.0,-4.46107,8.0,4.0,-0.02400000000000002,0.0
2005-05-01,10.956702002623487,1.7999999999999972,8.276499999999999,743.9236017599999,4899.2,1.1495055555555556,3.7561,8.2765,16.6,-0.6970639535686436,8.0,-5.43122,8.0,4.0,-0.0038000000000000256,0.0
2005-06-01,10.862766510523937,1.5999999999999943,8.276499999999999,800.9684675949998,4935.0,1.0952636363636363,3.7561,8.2765,16.8,-0.8353370543216655,8.0,-2.97231,8.0,4.0,0.008899999999999908,0.0
2005-07-01,10.37821892621713,1.7999999999999972,8.220947619047617,866.9602546978093,4934.9,1.1947333333333334,3.7561,8.229000000000001,16.1,-0.9442331359484828,9.0,-0.7429,8.0,4.0,0.0,0.0
2005-08-01,11.625483996612008,1.2999999999999972,8.101678260869564,858.2038917473913,5040.8,1.2369217391304348,3.7561,8.10193043478261,16.0,-1.0350370634603177,10.0,-1.54535,8.0,4.0,-0.0044999999999999485,0.0
2005-09-01,10.70974837710652,0.9000000000000057,8.077209090909092,610.8296487095455,5495.2,1.1981772727272728,3.7561,8.092222727272727,16.5,-0.96742351211083,9.0,-1.6259,8.0,4.0,-0.010000000000000009,0.0
2005-10-01,11.862456259739185,1.2000000000000028,8.07211875,969.9450625093124,5846.6,1.1224611111111111,3.7561,8.088594444444444,16.1,-1.014931005214967,9.0,1.39092,8.0,4.0,-0.00649999999999995,0.0
2005-11-01,11.863146267998514,1.2999999999999972,8.078059090909091,850.6637284753637,5909.0,1.1855363636363636,3.7561,8.083931818181819,16.6,-0.8844799682339318,9.0,5.67823,8.0,4.0,0.06440000000000001,0.0
2005-12-01,13.435734771911978,1.5999999999999943,8.07320909090909,889.3724852938182,6850.4,1.5658608695652174,3.7561,8.075977272727274,16.5,-0.7351888131889741,10.0,7.04268,8.0,4.0,-0.0040000000000000036,0.0
2006-01-01,13.184016737467408,1.9000000000000057,8.063733333333333,765.4085197146666,6641.6,1.6871684210526314,3.7561,8.066572222222222,16.2,-0.513696236317277,8.0,4.89458,8.0,4.0,0.0,0.0
2006-02-01,11.927824324894676,0.9000000000000057,8.047641176470588,195.12117653082353,6001.9,1.39835,3.7561,8.049235294117647,20.1,-0.5754453671105793,7.0,4.72803,8.0,4.0,0.03269999999999995,0.0
2006-03-01,12.086068493995604,0.7999999999999972,8.03288695652174,898.7760245486957,5796.7,1.485682608695652,3.7561,8.034917391304349,17.8,-0.6299688154181529,8.0,5.4807,8.0,3.0,-0.0031999999999998696,0.0
2006-04-01,13.621863441036552,1.2000000000000028,8.01275,837.879004805,5774.6,1.7029863636363636,3.7561,8.01564761904762,16.6,-0.3790344905409643,7.0,3.84094,8.0,3.0,-0.24,-0.24
2006-05-01,13.789345472357816,1.4000000000000057,8.012544444444444,1041.9633784976666,6175.6,1.6891388888888887,3.7561,8.015227777777778,17.9,-0.3101794917760058,7.0,1.22098,8.0,3.0,0.04800000000000004,0.0
2006-06-01,13.389283343693291,1.5,8.004977272727272,1160.955369832045,6057.8,1.971840909090909,3.7561,8.006545454545455,19.5,-0.236503996467515,7.0,1.16557,8.0,3.0,0.0009999999999998899,0.0
2006-07-01,11.556401403347415,1.0,7.988080952380952,1168.1481215039523,6012.2,2.294323809523809,3.7561,7.991247619047618,16.7,-0.4526396291017214,9.0,-0.89522,8.0,3.0,-0.028100000000000236,-0.012500000000000178
2006-08-01,12.656154444113431,1.2999999999999972,7.972308695652174,1498.483433635826,6077.4,2.4528652173913046,3.7561,7.973530434782608,15.7,-0.2006544650374859,11.0,-1.07085,8.0,3.0,-0.006400000000000183,-0.006400000000000183
2006-09-01,12.387355829041224,1.5,7.932119047619048,1212.5841493061905,6553.6,2.1776863636363637,3.7561,7.936657142857142,16.1,0.0701665282131038,7.0,0.20477,8.0,3.0,-0.09399999999999986,0.0
2006-10-01,13.56599455679386,1.4000000000000057,7.899723529411765,1882.4925834624707,6997.7,2.3546555555555555,3.7561,7.903241176470589,14.7,0.0731113849144447,7.0,-0.15884,8.0,3.0,0.07679999999999998,0.0
2006-11-01,13.01487074203649,1.9000000000000057,7.8621409090909085,1802.6323752290457,6821.7,3.1672727272727275,3.7561,7.865009090909091,14.9,-0.2098752190179425,9.0,-1.7484,8.0,3.0,0.0047999999999999154,0.05109999999999992
2006-12-01,11.004267488212973,2.799999999999997,7.821166666666666,1642.234219558333,7499.2,2.131682608695652,3.7561,7.823776190476191,14.7,-0.1508466198929651,9.0,-1.21048,8.0,3.0,-0.29499999999999993,0.0
2007-01-01,12.468300617662551,2.200000000000003,7.785465,1236.3732606738,7488.3,1.67089,3.7561,7.7898,18.5,-0.3573374619771947,12.0,1.75162,8.0,3.0,-0.029200000000000115,-0.022199999999999998
2007-02-01,14.61117842710995,2.700000000000003,7.751293333333334,1841.4152272672,7013.7,2.7104470588235294,3.7561,7.754626666666667,12.6,-0.03950972469108,11.0,1.66997,8.0,3.0,0.8820000000000001,1.38
2007-03-01,13.738433842342278,3.299999999999997,7.737772727272727,531.6964102909091,6685.8,1.689277272727273,3.7561,7.738981818181818,17.6,0.1494101416817672,9.0,1.46404,8.0,3.0,0.0,0.0
2007-04-01,15.270426542275503,3.0,7.724361904761904,1301.2264638405711,6672.5,2.924169565217391,3.7561,7.724747619047618,17.4,-0.0757339517815199,11.0,1.27647,8.0,3.0,0.22950000000000026,0.4295
2007-05-01,14.72685043227495,3.4000000000000057,7.666077777777777,1722.8911851488888,7157.5,2.484255555555555,3.7561,7.670405555555556,18.1,0.1594791950378988,11.0,4.6761,8.0,3.0,0.004699999999999704,0.004699999999999704
2007-06-01,14.70409973980249,4.400000000000006,7.630514285714286,2053.3766593405717,7026.0,2.6985571428571427,3.7561,7.633019047619047,19.4,0.198161281217926,10.0,4.97784,8.0,3.0,-0.03840000000000021,-0.03840000000000021
2007-07-01,14.455918594158712,5.599999999999994,7.574186363636364,1844.8381345325,6998.2,2.6792363636363636,3.7561,7.580518181818181,18.0,0.635172896135269,10.0,5.62713,8.0,3.0,0.5960000000000001,0.5960000000000001
2007-08-01,14.311386318297536,6.5,7.572021739130435,1891.0425395871737,7116.6,2.229365217391304,3.7561,7.575291304347827,17.5,0.6061094169914522,11.0,6.88019,8.0,3.0,0.0036000000000000476,0.0036000000000000476
2007-09-01,13.839379807242524,6.200000000000003,7.521305,1790.51005985115,7668.4,4.2364227272727275,3.7561,7.52581,18.9,0.8308556169009721,12.0,4.91899,8.0,3.0,0.15799999999999992,0.15799999999999992
2007-10-01,14.94609492509802,6.5,7.5006055555555555,2028.963006750222,8263.0,3.673194444444444,3.7561,7.501161111111111,17.9,0.8285465985386482,12.0,2.51663,8.0,3.0,0.908599999999999,0.7418999999999993
2007-11-01,12.778877413045286,6.900000000000006,7.419527272727273,1949.9445113636368,8104.7,2.7734636363636365,3.7561,7.423313636363637,17.3,1.071104901681842,12.0,2.6331,8.0,3.0,0.005700000000000038,-0.01429999999999998
2007-12-01,13.996276108393534,6.5,7.370234999999999,1672.0855829617497,9015.3,3.097809523809524,3.7561,7.36764,17.4,1.297872400785065,13.0,4.28139,8.0,3.0,-0.28000000000000025,-0.28000000000000025
2008-01-01,12.182105873150451,7.099999999999994,7.240127272727273,1409.3329835783636,9077.3,2.980759090909091,3.7561,7.247813636363636,15.4,1.119776238845937,15.0,4.00734,8.0,3.0,-1.5990000000000002,-1.5900000000000003
2008-02-01,10.99024297787221,8.700000000000003,7.1577875,612.324598881125,8354.7,3.035661111111111,3.7561,7.16014375,15.4,1.359400316440123,12.0,5.74889,8.0,3.0,0.009300000000000086,0.0
2008-03-01,11.628846546959682,8.299999999999997,7.072447619047619,948.1853004421904,8123.2,2.5156714285714283,3.7561,7.075209523809524,17.8,1.305760840163386,13.0,4.71071,8.0,4.8,0.4816999999999996,-0.01130000000000031
2008-04-01,11.628766969660507,8.5,6.9972095238095235,1166.322942238762,8142.0,3.0553523809523813,3.7561,7.000685714285714,15.7,1.2503106521554106,13.0,6.53108,8.0,4.8,0.10500000000000043,0.2030000000000003
2008-05-01,10.639014908144697,7.700000000000003,6.970454999999999,1408.75885875195,8703.5,3.3485571428571426,3.7561,6.97242,16.0,1.3319900407867735,12.0,6.2171,8.0,4.8,0.010499999999999954,0.010499999999999954
2008-06-01,10.731632580520788,7.099999999999994,6.896590000000001,1448.2575550262002,8642.0,3.3920000000000003,3.7561,6.897095,16.0,1.3623697832895356,11.0,5.58604,8.0,4.8,0.05580000000000007,0.06000000000000005
2008-07-01,10.494116956922529,6.299999999999997,6.836317391304347,1728.0774054933477,8628.8,3.097256521739131,3.7561,6.837634782608696,14.7,1.3795426921314036,10.0,5.1451,8.0,4.8,0.351,0.0
2008-08-01,8.825449605172553,4.900000000000006,6.852309523809525,1966.2141659652384,8767.7,3.247457142857143,3.7561,6.8515,12.8,1.510855082264886,9.0,6.46504,8.0,4.8,0.0,0.0
2008-09-01,9.187409207505226,4.599999999999994,6.834673684210526,2007.125908349053,9446.5,3.1757761904761903,3.7561,6.830678947368422,11.4,1.2408682717964987,12.0,9.71063,8.0,4.8,0.009999999999999787,0.0
2008-10-01,7.257004731997796,4.0,6.833505,2408.0821975371,10082.7,3.1415300000000004,3.7561,6.83155,8.2,0.852196906997784,13.0,16.09763,8.0,4.8,-0.07749999999999968,-0.07749999999999968
2008-11-01,7.266459155337124,2.4000000000000057,6.82738,2737.084011347,9790.8,2.648965,3.7561,6.828555,5.4,-0.8020505911114535,10.0,19.07246,8.0,4.8,-0.5356999999999998,-0.5356999999999998
2008-12-01,6.786561029896587,1.2000000000000028,6.852595652173913,2671.144252151826,10728.5,1.5241521739130437,3.7561,6.842421739130434,5.7,-0.7724015595527266,10.0,14.04479,8.0,4.8,-0.1841999999999997,-0.1841999999999997
2009-01-01,6.591864496432764,1.0,6.83574,2673.4125246864,10756.6,0.9538,3.7561,6.8381533333333335,3.8,-1.356978715795152,8.0,14.08221,8.0,4.8,0.0,0.0
2009-02-01,5.660928725450454,-1.5999999999999943,6.83572,330.9165899852,9323.8,0.952804761904762,3.7561,6.8356900000000005,11.0,-1.1765020641878716,7.0,13.65013,8.0,4.8,0.0,0.0
2009-03-01,6.941830897850232,-1.2000000000000028,6.835999999999999,1268.8596966,9317.6,0.953890909090909,3.7561,6.834104545454546,8.3,-1.2567611080171976,7.0,16.40097,8.0,4.0,-0.0047000000000000375,0.0
2009-04-01,7.123925092758743,-1.5,6.830442857142858,897.1810599407144,9343.2,0.943795238095238,3.7561,6.831166666666666,7.3,-1.2902076193578786,8.0,13.1487,8.0,4.0,0.0014000000000000679,0.0
2009-05-01,8.76161636698436,-1.4000000000000057,6.823316666666667,913.5417989116668,10028.4,0.9542,3.7561,6.824494444444444,8.9,-1.2170321827486406,7.0,9.09456,8.0,4.0,0.0,0.0
2009-06-01,8.72476175578285,-1.7000000000000028,6.833581818181818,563.8841424656364,9941.6,1.0165090909090908,3.7561,6.8332454545454535,10.7,-1.2838575508019805,8.0,6.42324,8.0,4.0,0.026699999999999946,0.0
2009-07-01,9.657778702509145,-1.7999999999999972,6.83164347826087,726.1802692020001,9936.5,1.5156739130434784,3.7561,6.832026086956522,10.8,-1.1829560502351184,9.0,6.04,8.0,4.0,0.2810999999999999,0.0
2009-08-01,11.38896467510606,-1.2000000000000028,6.8322,1073.45989155,10115.6,1.474895238095238,3.7561,6.832214285714286,12.3,-1.0608761607717354,8.0,2.8147,8.0,4.0,0.07889999999999997,0.0
2009-09-01,10.76196093598385,-0.7999999999999972,6.82775,882.9730281325001,10912.8,1.5931652173913045,3.7561,6.82890909090909,13.9,-1.0831527733704749,9.0,-0.90033,8.0,4.0,0.1916,0.0
2009-10-01,13.383639432018748,-0.5,6.826725,1637.5698071865,11717.6,1.5243941176470588,3.7561,6.82754375,16.1,-1.052403387592407,9.0,-6.53785,8.0,4.0,0.0,0.0
2009-11-01,11.338544339695854,0.5999999999999943,6.82752380952381,1303.5789844019048,11339.0,1.4367904761904762,3.7561,6.827390476190476,19.2,-1.0460818597927446,9.0,-9.15118,8.0,4.0,0.006399999999999961,0.0
2009-12-01,11.00584023652884,1.9000000000000057,6.827826086956521,1258.3798185739129,12610.0,1.4805565217391303,3.7561,6.827917391304348,18.5,-1.0682915585016228,9.0,-5.47879,8.0,4.0,-0.01859999999999995,0.0
2010-01-01,11.10446484229668,1.5,6.82702,967.2693976904,12718.1,1.473765,3.7561,6.827319999999999,20.7,-0.7563785540707797,11.0,-6.57629,8.0,4.0,-0.03649999999999998,-0.03649999999999998
2010-02-01,14.1976099303575,2.700000000000003,6.8277866666666664,519.7571349338666,12334.2,1.843976470588235,3.7561,6.82704,12.8,-0.6412749164550111,10.0,-6.69446,8.0,4.0,0.04200000000000004,0.04200000000000004
2010-03-01,11.333620451921789,2.4000000000000057,6.826321739130435,-493.9730517454783,11321.7,1.6449478260869563,3.7561,6.826439130434783,18.1,-0.9886209911524438,9.0,-7.85747,8.0,3.0,-0.029999999999999805,0.0
2010-04-01,10.627449703348969,2.799999999999997,6.825790476190476,114.75546251733331,11510.4,1.6486380952380952,3.7561,6.826157142857142,17.8,-0.9888561015803484,10.0,-5.7153,8.0,3.0,-0.0020999999999999908,0.0
2010-05-01,10.698524181991974,3.0999999999999943,6.828069999999999,1333.7210409598,12455.1,1.882795,3.7561,6.827425000000001,16.5,-0.6227655007563104,11.0,-0.09822,8.0,3.0,-0.10280000000000045,-0.012800000000000145
2010-06-01,10.773676404446752,2.9000000000000057,6.8167526315789475,1364.8401231008422,12329.9,2.6867380952380953,3.7561,6.81707,13.7,-0.8392796634274203,9.0,2.37916,8.0,3.0,-0.25939999999999985,0.0
2010-07-01,9.496574646086732,3.299999999999997,6.776654545454545,1946.9591443287272,12252.8,2.041859090909091,3.7561,6.7774636363636365,13.4,-0.8528195183241281,9.0,1.6849,8.0,3.0,0.0,0.0
2010-08-01,9.887221491370555,3.5,6.787854545454545,1360.019831253818,12569.8,1.8327136363636365,3.7561,6.790122727272728,13.9,-0.7698634832806416,9.0,1.43219,8.0,3.0,0.6699999999999999,0.0
2010-09-01,10.311058551455975,3.5999999999999943,6.748994736842104,1138.891579533105,13536.5,2.403390909090909,3.7561,6.746215789473684,13.3,-0.8283445969869692,9.0,2.39283,8.0,3.0,0.1357999999999997,0.0
2010-10-01,8.553017769098247,4.400000000000006,6.66106875,1808.194938661125,14284.8,2.002611764705882,3.7561,6.673175,13.1,-0.597874534550601,10.0,2.49642,8.0,3.0,0.03550000000000009,0.03550000000000009
2010-11-01,11.201645363307543,5.099999999999994,6.6536181818181825,1523.0010256969092,13910.9,2.035568181818182,3.7561,6.6557545454545455,13.3,-0.2687776106997801,11.0,4.73026,8.0,3.0,0.5305,-0.10280000000000022
2010-12-01,9.963983163227708,4.599999999999994,6.646373913043479,869.3498285779131,15329.5,3.997565217391304,3.7561,6.651547826086957,13.5,0.0162347660615393,11.0,4.37292,8.0,3.0,-0.10999999999999988,-0.10999999999999988
2011-01-01,11.416729854590146,4.900000000000006,6.599115,426.36492667215,15249.0,4.852509523809523,3.7561,6.6027,14.1,0.1304589623347445,11.0,3.95876,8.0,3.0,1.6600000000000001,1.9800000000000004
2011-02-01,8.146352712605175,4.900000000000006,6.583106666666667,-480.9683561733333,13769.1,3.734575,3.7561,6.5831333333333335,14.9,0.4734572461277278,11.0,1.91162,8.0,3.0,-2.15,-2.15
2011-03-01,10.754411097953763,5.400000000000006,6.566130434782609,9.111359575217392,13588.0,2.392291304347826,3.7561,6.566243478260869,14.8,0.6348755017017037,11.0,1.80123,8.0,4.0,-0.2849999999999997,-0.5
2011-04-01,10.297923238483396,5.299999999999997,6.527257894736842,745.6194392913156,13649.0,2.82928,3.7561,6.531466666666667,13.4,0.8070228514981362,12.0,0.69313,8.0,4.0,0.9895,0.9895
2011-05-01,9.770260629042982,5.5,6.495704761904761,847.4545867443809,14696.8,3.686152380952381,3.7561,6.498854545454545,13.3,0.7826644024835859,12.0,-1.63451,8.0,4.0,-0.7200000000000006,-1.3700000000000006
2011-06-01,9.634334912160725,6.400000000000006,6.474334999999999,1442.0011186262498,14565.1,5.899557142857143,3.7561,6.478145454545455,15.1,0.8588697238239235,12.0,-1.79795,8.0,4.0,1.0715000000000003,0.7965
2011-07-01,9.151167596581743,6.5,6.4580238095238105,2033.2189653173816,14408.0,5.256238095238095,3.7561,6.461447619047619,14.0,1.0038799220762888,11.0,-0.3957,8.0,4.0,-1.8200000000000003,-1.8200000000000003
2011-08-01,9.610258704077967,6.200000000000003,6.404291304347826,1137.3354029367824,14705.0,3.951334782608696,3.7561,6.409026086956521,13.5,0.9688701209098334,10.0,1.46195,8.0,4.0,-0.04969999999999963,0.0
2011-09-01,9.13944533966806,6.099999999999994,6.389780952380953,927.408462377524,15865.1,4.110838095238096,3.7561,6.3836818181818185,13.8,1.1099808800718267,9.0,4.72382,8.0,4.0,-0.06500000000000039,0.0
2011-10-01,9.645124658536442,5.5,6.368875,1084.8151917174998,16546.4,3.9403,3.7561,6.356223809523809,13.2,1.0047857467506698,10.0,7.61132,8.0,4.0,0.0,0.0
2011-11-01,8.219877305644552,4.200000000000003,6.356504545454545,923.4811166894544,16128.9,3.753636363636363,3.7561,6.340749999999999,12.4,0.965033837873507,8.0,6.24611,8.0,4.0,0.31199999999999983,0.0
2011-12-01,8.248831233019516,4.099999999999994,6.347254545454546,1048.5613096329091,17739.7,3.8882695652173913,3.7561,6.3280863636363645,12.8,1.0972595825551257,10.0,6.52414,8.0,4.0,0.3599999999999999,-0.3500000000000001
2012-01-01,5.928778019251335,4.5,6.314266666666667,1722.3153041773337,16834.3,4.871541176470588,3.7561,6.314663636363637,11.4,1.6514907155693592,5.0,7.65275,8.0,4.0,-0.05400000000000027,0.0
2012-02-01,10.381720737222675,3.200000000000003,6.299947619047619,-1983.432731736619,16834.3,4.147219047619048,3.7561,6.30004761904762,21.3,1.0852182077320418,9.0,5.63946,8.0,4.0,-1.1400000000000006,-0.9800000000000004
2012-03-01,8.033799909336924,3.5999999999999943,6.31349090909091,337.51802443672733,15650.2,3.148939130434783,3.7561,6.308136363636363,11.9,0.9804180942501513,7.0,7.54764,7.5,4.0,-0.2509999999999999,0.0
2012-04-01,7.891158236167062,3.4000000000000057,6.3072875,1162.17133381875,15603.1,3.836542105263158,3.7561,6.295404761904762,9.3,0.8643166056141348,7.0,8.63579,7.5,4.0,0.0,0.0
2012-05-01,7.491673740242621,3.0,6.326495454545454,1182.757621038409,16714.8,2.9646227272727272,3.415,6.305,9.6,0.876337898715451,11.0,9.35782,7.5,4.0,-0.22199999999999953,-0.0338999999999996
2012-06-01,7.717563288142726,2.200000000000003,6.36365,2018.6837348325,16584.9,3.12093,3.3,6.317486363636363,9.5,0.7133005507259987,9.0,8.8554,7.5,4.0,-0.26000000000000023,-0.26000000000000023
2012-07-01,7.253335731518029,1.7999999999999972,6.371090909090909,1602.121347518182,16314.9,3.4855636363636364,3.45,6.323481818181818,9.2,0.6407887196318811,8.0,8.42955,7.5,4.0,-0.2921,-0.07039999999999935
2012-08-01,7.232814079247429,2.0,6.3595565217391306,1695.491283558522,16658.9,3.4945478260869565,3.3722222222222222,6.340360869565218,8.9,0.5761963576124361,7.0,7.11823,7.5,4.0,-0.1878000000000002,0.14000000000000012
2012-09-01,8.006851016148575,1.9000000000000057,6.321305,1749.04371362845,18226.6,3.479638095238095,3.35625,6.339514999999999,9.2,0.5654393168049384,9.0,2.98329,7.5,4.0,-0.4237000000000002,0.008999999999999897
2012-10-01,7.8393074166887455,1.7000000000000028,6.259172222222222,2002.4651098689449,18933.8,3.2095333333333333,3.35,6.320213043478261,9.6,0.6011154198798005,9.0,1.96864,7.5,4.0,-0.48740000000000006,0.0
2012-11-01,8.398236587495077,2.0,6.23359090909091,1223.8580455568183,18476.7,3.211195454545454,3.35,6.295345454545454,10.1,0.6612614750834378,8.0,3.06827,7.5,4.0,0.4764000000000004,0.0
2012-12-01,8.0638621892837,2.5,6.2339714285714285,1971.0843287408572,20334.2,3.3001380952380948,3.35,6.290038095238096,10.3,0.7403899378002065,7.0,1.81084,7.5,4.0,0.23580000000000023,0.0
2013-01-01,8.249528143891771,2.0,6.22076,1813.1188213684,18904.9,3.0818954545454544,3.35,6.27874,9.9,0.7403899378002066,7.0,1.79709,7.5,4.0,-0.17850000000000055,0.0
2013-02-01,7.629008080361177,3.200000000000003,6.233186666666667,950.622051896,18904.9,3.3924235294117646,3.35,6.282719230769231,9.9,0.5246345880889719,7.0,4.90027,7.5,4.0,0.04999999999999982,0.0
2013-03-01,7.828602309025756,2.0999999999999943,6.21572380952381,-54.96508623247619,17641.2,3.1635761904761908,3.35,6.27381935483871,8.9,0.3258425797601709,5.0,4.9931,7.5,3.5,0.0,0.0
2013-04-01,7.393501426958893,2.4000000000000057,6.187366666666667,1123.7173596933333,17600.3,3.3776714285714284,3.35,6.24514,9.3,0.2615644112653879,6.0,6.16359,7.5,3.5,0.0,0.0
2013-05-01,7.742608087195335,2.0999999999999943,6.139931818181818,1254.0784950922728,18886.3,3.544181818181818,3.35,6.19875,9.2,0.4034289135856567,7.0,6.18074,7.5,3.5,0.6699999999999999,0.0
2013-06-01,7.664241423434692,2.700000000000003,6.134694117647059,1663.9992166348236,18826.7,6.808421052631578,3.35,6.170710000000001,8.9,0.5658407617952527,7.0,6.36156,7.5,3.5,0.0,0.0
2013-07-01,8.051190151265807,2.700000000000003,6.134186956521739,1092.9864261614348,18513.2,4.159391304347826,4.4,6.172474193548386,9.7,0.6400600123089959,8.0,7.32768,7.5,3.5,-0.11999999999999922,0.0
2013-08-01,7.753787058675443,2.5999999999999943,6.121745454545455,1745.846506167273,18886.2,4.085618181818182,3.9777777777777774,6.170964516129032,10.4,0.8315734877434334,8.0,7.84088,7.5,3.5,0.5140000000000016,-0.07599999999999918
2013-09-01,7.896816618709357,3.0999999999999943,6.120294736842105,930.6828639696844,20653.3,3.748580952380953,3.9,6.159036666666667,10.2,0.7619529386352251,8.0,9.00348,7.5,3.5,0.726,0.0
2013-10-01,7.530131883052271,3.200000000000003,6.099061111111111,1897.2173745373332,21491.3,4.268478947368421,3.979999999999999,6.141164516129033,10.3,0.9958522495130364,9.0,7.57225,7.5,3.5,0.6400000000000001,0.1200000000000001
2013-11-01,7.728236873916394,3.0,6.09322380952381,2059.565583413619,21011.9,4.503142857142858,4.1,6.137389999999999,10.0,1.14491048922718,10.0,7.03329,7.5,3.5,-0.34999999999999964,-0.5
2013-12-01,7.84021519199003,2.5,6.074363636363636,1557.5184684545454,23059.7,5.163886363636364,4.1,6.1164129032258066,9.7,0.96398477735586,9.0,7.66965,7.5,3.5,0.5499999999999998,0.0
2014-01-01,7.493304878754636,2.5,6.050942857142857,1928.3933134997144,21140.35,4.700286363636364,4.1,6.103664285714285,8.6,1.4893053107713292,12.0,8.22346,7.5,3.5,-0.2699999999999996,0.0
2014-02-01,7.529498011323477,2.0,6.08636875,-1399.1827740178749,21140.35,4.199941176470588,4.1,6.1123318181818185,8.6,0.8292203675869902,8.0,6.38602,7.5,3.5,-1.4500000000000006,-0.7689999999999992
2014-03-01,7.775936523355664,2.4000000000000057,6.173085714285714,475.66878644742854,19800.6,3.206666666666667,4.1,6.135403225806451,8.8,0.9077244876614552,7.0,2.91475,7.5,3.5,0.6400000000000001,0.0
2014-04-01,7.474398590383191,1.7999999999999972,6.225599999999999,1148.91984984,19701.2,3.5252380952380955,4.1,6.155326666666666,8.7,0.830260029563934,8.0,-0.35811,7.5,3.5,0.006000000000000227,0.1299999999999999
2014-05-01,7.711491372299584,2.5,6.23663,2240.3054520653,21249.8,3.249490476190476,4.1,6.162929032258064,8.8,0.7147723477087045,7.0,-1.75382,7.5,3.5,-0.9260000000000002,0.0
2014-06-01,7.913868647958888,2.299999999999997,6.23058,1966.6418290068,21166.4,3.2905,4.1,6.156389999999999,9.2,0.7541681627943693,7.0,-1.7642,7.5,3.5,0.6000000000000001,0.040000000000000036
2014-07-01,7.174501767521524,2.299999999999997,6.199330434782609,2932.298112051913,20775.8,3.835652173913043,4.1,6.156922580645161,9.0,0.7036753209809335,9.0,-2.03755,7.5,3.5,0.16999999999999948,0.0
2014-08-01,7.603823842837953,2.0,6.154609523809524,3067.180552330286,21133.9,3.528095238095238,4.1,6.160706451612903,6.9,0.6884189756364482,7.0,-0.4371,7.5,3.5,-0.22999999999999954,0.0
2014-09-01,7.123520049882659,1.5999999999999943,6.139004761904762,1899.5724758808576,23042.4,3.2934454545454543,4.1,6.153872413793104,8.0,1.0815989149485057,8.0,1.65834,7.5,3.5,-0.8900000000000001,0.0
2014-10-01,7.951809192863668,1.5999999999999943,6.121883333333333,2779.6709410718336,23967.2,3.088421052631579,4.1,6.146116129032258,7.7,0.719099753026042,7.0,4.39549,7.5,3.5,0.3799999999999999,0.0
2014-11-01,7.033856833208851,1.4000000000000057,6.126285,3337.3781739573,23474.7,3.2700000000000005,4.1,6.143433333333333,7.2,0.3088631474995297,9.0,5.39278,7.5,3.5,0.17000000000000037,0.18000000000000016
2014-12-01,7.217835614765811,1.5,6.190665217391304,3071.3910157538694,25801.3,4.204673913043478,4.1,6.124149999999999,7.9,0.4565761002942952,8.0,5.72391,7.5,3.5,1.3599999999999994,0.0
2015-01-01,7.016247507904483,0.7999999999999972,6.2194400000000005,3733.647068444001,23996.25,3.98,3.85,6.135833333333334,6.8,0.7955768616544763,9.0,5.48214,7.5,3.5,-0.6999999999999993,0.15000000000000036
2015-02-01,6.948029316837867,1.4000000000000057,6.25144,3789.5601635424,23996.25,4.64,3.85,6.133896153846154,6.8,1.0454899196952183,12.0,7.17016,7.5,3.5,0.8799999999999999,-0.009999999999999787
2015-03-01,7.334392768691345,1.4000000000000057,6.239640909090909,192.25681403345453,22722.8,4.474227272727273,3.661111111111111,6.150470967741935,5.6,0.6149779704323849,11.0,11.35009,7.0,3.0,-0.9900000000000002,-0.4399999999999995
2015-04-01,7.271535908330429,1.5,6.2025523809523815,2117.209063991238,22386.7,2.9252380952380954,3.4299999999999997,6.130289655172414,5.9,0.5198980269893858,9.0,13.23241,7.0,3.0,-1.5499999999999998,-0.22999999999999998
2015-05-01,6.879830733379677,1.2000000000000028,6.203945,3690.6033599550497,24194.8,2.13579,3.4299999999999997,6.114153333333332,6.1,-0.2025546795225453,7.0,12.37542,7.0,3.0,-0.3700000000000001,-0.020000000000000018
2015-06-01,7.149184774868944,1.4000000000000057,6.205614285714286,2888.0170559648573,24280.3,2.4185809523809523,2.6,6.1153892857142855,6.8,-0.1914347375146993,11.0,13.053,7.0,3.0,0.48,-0.29000000000000004
2015-07-01,8.161022063815748,1.5999999999999943,6.208647826086957,2671.2673745040875,24338.8,2.5708695652173916,2.5,6.116716129032258,6.0,-0.1415744972290173,9.0,14.18926,7.0,3.0,-0.08999999999999986,0.0
2015-08-01,7.482633312694764,2.0,6.338952380952381,3818.5671018295234,24893.4,2.4509523809523808,2.48125,6.283859259259259,6.1,-0.5103247608175064,11.0,11.76786,7.0,3.0,-0.050000000000000266,-0.18999999999999995
2015-09-01,5.390779211814234,1.5999999999999943,6.369925,3843.7324358907504,25270.6,2.3914285714285715,2.35,6.368195652173913,5.7,-0.3277220253467254,11.0,9.07665,7.0,3.0,-0.06000000000000005,-0.10999999999999988
2015-10-01,6.721094436325625,1.2999999999999972,6.3479705882352935,3913.104266791176,28278.9,2.376111111111111,2.3214285714285716,6.351463636363636,5.6,-0.4353147360486296,11.0,6.41342,7.0,3.0,-0.020000000000000018,-0.1200000000000001
2015-11-01,8.658561479453253,1.5,6.37142380952381,3424.309811866048,27937.3,2.32047619047619,2.25,6.366600000000001,6.2,0.0045693087720726,8.0,5.76148,7.0,3.0,-0.020000000000000018,0.0
2015-12-01,5.338795750841752,1.5999999999999943,6.45431304347826,3833.1625584646954,28634.6,2.3995652173913045,2.25,6.4476304347826074,5.9,0.2130943107231401,4.0,3.96099,7.0,3.0,0.08000000000000007,0.0
2016-01-01,6.761670982025114,1.7999999999999972,6.57364,4160.2492919216,26455.15,2.41,2.25,6.552685,5.4,-0.6143484047449933,6.0,1.84986,7.0,3.0,-0.10000000000000009,0.0
2016-02-01,6.817830577664208,2.299999999999997,6.5408875,2131.8377118955,26455.15,2.3577777777777778,2.25,6.5310875,5.4,-0.2508798285293945,9.0,1.26289,7.0,3.0,0.10000000000000009,0.0
2016-03-01,6.819839570080943,2.299999999999997,6.507904347826087,1943.060120202174,25114.1,2.3434782608695652,2.25,6.5063695652173905,6.8,0.1690657598836333,5.0,-1.26219,6.75,3.0,-0.10000000000000009,0.0
2016-04-01,6.674549230977567,2.299999999999997,6.478960000000001,2951.6588753288,24645.8,2.432665,2.25,6.4760409090909095,6.0,-0.4069383216202401,5.0,-2.51996,6.75,3.0,0.20000000000000018,0.0
2016-05-01,6.478463561076464,2.0,6.532171428571429,3264.747011073143,26610.7,2.4066666666666667,2.25,6.528231818181819,6.0,-0.3996283750901964,6.0,-2.0076,6.75,3.0,-0.10000000000000009,0.0
2016-06-01,6.946001234908827,1.9000000000000057,6.595205,3159.6893108683503,26857.4,2.393333333333333,2.25,6.58485,6.2,-0.3553741009102471,7.0,-4.16505,6.75,3.0,0.30000000000000027,0.0
2016-07-01,6.155378971197023,1.7999999999999972,6.677966666666667,3354.1662915670004,26827.4,2.4285714285714284,2.25,6.677442857142857,6.0,-0.3553741009102471,7.0,-6.5802,6.75,3.0,-0.20000000000000018,0.0
2016-08-01,6.982509311034235,1.2999999999999972,6.649404347826088,3460.9674198023913,27539.6,2.460434782608696,2.25,6.647430434782609,6.3,-0.2795357329507297,7.0,-6.84039,6.75,3.0,-0.1499999999999999,0.0
2016-09-01,6.960508947257127,1.9000000000000057,6.67281,2801.0896277022,27976.4,2.4985714285714287,2.25,6.672352380952382,6.1,-0.329726441100154,8.0,-6.45192,6.75,3.0,0.19999999999999973,0.0
2016-10-01,6.6663899390732695,2.0999999999999943,6.74693125,3290.099867781875,31119.2,2.6394444444444445,2.25,6.740270588235295,6.1,-0.2992476463517822,8.0,-5.78504,6.75,3.0,0.4500000000000002,0.0
2016-11-01,7.320467527338614,2.299999999999997,6.8413,3025.883319102,30958.5,2.674545454545455,2.25,6.837536363636364,6.2,-0.2611015090550192,7.0,-6.72381,6.75,3.0,0.2400000000000002,0.0
2016-12-01,6.403656961589732,2.0999999999999943,6.923536363636364,2818.4626079386367,31757.0,2.748181818181818,2.25,6.918195454545455,6.0,-0.2611015090550192,7.0,-5.40877,6.75,3.0,0.0,0.0
2017-01-01,6.924702192379439,2.5,6.895538888888889,3540.3881851829447,28979.85,2.5694736842105264,2.25,6.894152631578947,6.3,-0.2057111784244502,7.0,-4.66077,6.75,3.0,-0.54,0.3999999999999999
2017-02-01,6.663101013806161,0.7999999999999972,6.873188888888889,-628.737325351111,28979.85,2.907368421052632,2.35,6.871344444444444,6.3,-0.0031435349886464,10.0,-6.47372,6.75,3.0,0.2999999999999998,0.0
2017-03-01,7.409527274591898,0.9000000000000057,6.896591304347826,1649.417397201739,27863.7,3.4086956521739133,2.39,6.893152173913044,7.6,0.1476050803441883,11.0,-6.15921,6.5,3.0,1.5,0.7999999999999998
2017-04-01,6.681622019739675,1.2000000000000028,6.8915,2621.0187653649996,27278.5,3.305789473684211,2.45,6.88596,6.5,0.0994926548236919,7.0,-5.20967,6.5,3.0,-0.20000000000000018,0.0
2017-05-01,7.077883937936003,1.5,6.88941,2810.4607483425,29459.2,3.3390476190476193,2.45,6.8814833333333345,6.5,0.1737460199086775,8.0,-5.20139,6.5,3.0,-1.1999999999999997,0.0
2017-06-01,7.239071474132741,1.5,6.807227272727272,2910.2641963981814,29807.6,3.371363636363637,2.45,6.801913636363637,7.6,0.0891527423923177,6.0,-3.38589,6.5,3.0,0.7999999999999998,0.0
2017-07-01,7.070069902534426,1.4000000000000057,6.772542857142857,3164.4608975382853,29609.8,3.247142857142857,2.45,6.765385714285714,6.4,0.1489845345509593,5.0,-2.32748,6.5,3.0,-0.5,0.0
2017-08-01,6.596980379976891,1.7999999999999972,6.671343478260869,2796.5784185661305,30329.7,3.540434782608696,2.45,6.673556521739131,6.0,0.2377084550598372,6.0,-1.00782,6.5,3.0,0.040000000000000036,0.0
2017-09-01,7.0364203746996035,1.5999999999999943,6.567699999999999,1878.721190482,30870.3,3.3763636363636365,2.45,6.563414285714285,6.6,0.0891527423923177,6.0,-0.0205,6.5,3.0,-0.29000000000000004,0.0
2017-10-01,5.881657467002355,1.9000000000000057,6.619494117647058,2527.656807595882,34240.9,3.225294117647058,2.45,6.615405882352942,6.2,0.2289034699103076,6.0,0.44152,6.5,3.0,-0.44999999999999973,0.0
2017-11-01,7.117303383370688,1.7000000000000028,6.621936363636364,2662.950257066909,34108.2,3.2972727272727274,2.45,6.618627272727273,6.1,0.253286505709005,6.0,-0.22463,6.5,3.0,0.7399999999999998,0.0
2017-12-01,7.400804854516019,1.7999999999999972,6.5908476190476195,3604.184588848572,34734.1,3.3676190476190477,2.48,6.59422857142857,6.2,0.2409164949443369,9.0,-0.93108,6.5,3.0,2.56,0.0
2018-01-01,6.664864455673847,1.5,6.429304545454546,1308.3070899991365,30540.9,3.1018181818181816,2.5,6.44065652173913,7.2,0.3170754021219316,6.0,-0.43342,6.5,3.0,-2.8,0.0
2018-02-01,7.416390653088478,2.9000000000000057,6.31302,2130.7451951898,30540.9,2.9382352941176473,2.5,6.316166666666667,7.2,0.2848044370719382,6.0,2.95195,6.5,3.0,0.29000000000000004,0.0
2018-03-01,6.618575833630325,2.0999999999999943,6.319440909090909,-314.88364814677277,29193.6,3.068636363636364,2.50625,6.322027272727272,6.0,0.3367739692004999,10.0,2.82766,6.5,3.0,0.009999999999999787,0.0
2018-04-01,7.591284351272809,1.7999999999999972,6.296655555555556,1787.1248394968889,28541.9,3.0985,2.55,6.297538888888889,7.0,0.3340212651505757,8.0,3.97627,6.5,3.0,-0.5,0.3500000000000001
2018-05-01,6.302960592856621,1.7999999999999972,6.3744772727272725,1588.6184770165908,30359.1,2.9740909090909096,2.55,6.374165217391305,6.8,0.3035767080760223,7.0,5.44482,6.5,3.0,0.54,0.0
2018-06-01,6.8079518474214895,1.9000000000000057,6.465385,2681.1951595,30841.6,3.022,2.55,6.45437619047619,6.0,0.3151876775039734,7.0,4.44607,6.5,3.0,-0.14000000000000012,0.0
2018-07-01,6.370350268659175,2.0999999999999943,6.715863636363636,1883.79975,30733.7,2.675909090909091,2.55,6.703445454545455,6.0,0.2214780022690372,8.0,1.33779,6.5,3.0,-0.73,-0.06000000000000005
2018-08-01,7.100411122819139,2.299999999999997,6.848626086956522,1909.807870608696,31542.3,2.5473913043478262,2.55,6.843317391304347,6.1,0.2927051269228419,5.0,-0.17661,6.5,3.0,-0.009999999999999787,0.0
2018-09-01,6.625724762071439,2.5,6.854642105263158,2173.0586402105264,32005.4,2.659047619047619,2.55,6.8445368421052635,5.8,0.2354544572328531,6.0,-0.94301,6.5,3.0,0.09999999999999964,0.0
2018-10-01,8.068531221812346,2.5,6.936283333333333,2359.4461386666662,35534.4,2.6333333333333333,2.55,6.926394444444445,5.9,0.0188008196940329,5.0,-1.58454,6.5,3.0,0.020000000000000018,0.020000000000000018
2018-11-01,5.980428757599099,2.200000000000003,6.938999999999999,2904.7347899999995,35259.7,2.6563636363636363,2.55,6.9351,5.4,0.3482677432803845,3.0,-1.535,6.5,3.0,0.020000000000000018,0.0
2018-12-01,5.471784856574846,1.9000000000000057,6.88552,3928.6022912,35893.5,2.8142857142857145,2.55,6.885345,5.7,0.2722587554518482,5.0,-0.80703,6.5,3.0,0.16000000000000014,0.0
2019-01-01,6.428638699595335,1.7000000000000028,6.786668181818182,2700.686736272727,33032.0,2.583181818181818,2.55,6.78965,5.3,-0.0482780072715557,7.0,-0.87062,6.5,3.0,-0.10999999999999988,0.029999999999999805
2019-02-01,6.131850894852775,1.5,6.737186666666667,274.94458786666667,33032.0,2.546470588235294,2.55,6.736360000000001,5.3,-0.0323416435793228,5.0,-1.25569,6.5,3.0,-0.1200000000000001,0.0
2019-03-01,6.639345959321941,2.299999999999997,6.711704761904762,2192.7810627619046,31725.7,2.7285714285714286,2.55,6.709266666666666,8.5,0.0770267170505673,3.0,0.1104,6.25,3.0,0.27,0.0
2019-04-01,5.490892288993776,2.5,6.716447619047619,929.1533636190476,30586.1,2.727727272727273,2.55,6.715090476190477,5.4,0.3448954885195171,4.0,-0.44048,6.25,3.0,-0.25,0.0
2019-05-01,5.9853185679388465,2.700000000000003,6.872275,2862.8523195,32955.7,2.607142857142857,2.55,6.85235,5.0,0.334969055640584,5.0,-2.50721,6.25,3.0,-0.10000000000000009,0.0
2019-06-01,6.819428048042164,2.700000000000003,6.9015,3518.10864,33878.1,2.5073684210526315,2.55,6.882026315789473,6.3,0.1359081952863909,7.0,-3.28526,6.25,3.0,-0.020000000000000018,0.0
2019-07-01,5.047671621431116,2.799999999999997,6.877526086956522,3068.270713173913,33073.3,2.5965217391304347,2.55,6.875234782608695,4.8,0.3448954885195171,4.0,0.23721,6.25,3.0,0.07000000000000028,0.0
2019-08-01,6.770610409378053,2.799999999999997,7.063445454545455,2459.9155140000003,33896.3,2.7445454545454546,2.55,7.0214,4.4,0.4670793228028877,6.0,0.02081,6.25,3.0,0.19999999999999973,0.04999999999999982
2019-09-01,6.167262246534588,3.0,7.11965,2822.798832,34494.9,2.6671428571428573,2.55,7.078455,5.8,0.1943149367550855,9.0,-0.40356,6.25,3.0,0.1299999999999999,0.10999999999999988
2019-10-01,8.019405681761205,3.799999999999997,7.082527777777778,3046.761799444445,38104.3,2.7705263157894735,2.55,7.070216666666666,4.7,0.4434416948917594,6.0,0.71673,6.25,3.0,0.20000000000000062,0.0
2019-11-01,3.6681227753719847,4.5,7.018919047619048,2640.3769673333336,38093.8,2.645238095238095,2.5,7.017738095238095,6.2,0.3756016135193479,6.0,2.20328,6.25,3.0,-0.33000000000000007,-0.37000000000000055
2019-12-01,6.039618043406425,4.5,7.015963636363637,3312.236432727273,38776.7,2.5354545454545456,2.5,7.012818181818183,6.9,0.3561918973167512,10.0,0.94748,6.25,3.0,-0.020000000000000018,0.0
2020-01-01,-9.244012681167924,5.400000000000006,6.916131249999999,3782.432180624999,26064.9,2.551764705882353,2.5,6.917168749999999,-13.5,0.095520692665138,8.0,2.18546,6.25,3.0,0.08000000000000007,-0.09999999999999964
2020-02-01,-6.5178269395216315,5.200000000000003,6.9985550000000005,-4347.43238045,26064.9,2.3244999999999996,2.4,6.992319999999999,-13.5,0.1875447399581014,7.0,1.53199,6.25,3.0,-0.04000000000000048,-0.040000000000000036
2020-03-01,-4.6978215543652,4.299999999999997,7.0201363636363645,1399.3237813636365,26449.9,1.9672727272727273,2.2,7.011945454545455,-1.1,0.2034228715634351,6.0,1.48371,6.0,3.5,0.20000000000000018,0.44999999999999996
2020-04-01,1.6449433004380731,3.299999999999997,7.0732857142857135,3206.532612857143,28177.8,1.5336363636363637,2.2,7.0686285714285715,3.9,-0.1252808923633602,9.0,1.43791,6.0,3.5,-0.10000000000000009,-0.10000000000000009
2020-05-01,4.0194036086117935,2.4000000000000057,7.1128944444444455,4475.859958111111,31972.8,1.5757894736842106,2.2,7.0986,4.4,-0.2061852517227117,7.0,1.16338,6.0,3.5,0.5700000000000001,0.0
2020-06-01,3.927718025126526,2.5,7.086345,3289.55221245,33525.9,2.0490476190476192,2.2,7.08671,4.8,-0.1537674829914079,7.0,0.85957,6.0,3.5,-0.029999999999999583,0.0
2020-07-01,4.521920350451403,2.700000000000003,7.0116956521739136,4370.319783043478,32202.5,2.1843478260869564,2.2,7.008830434782609,4.8,-0.0907597404204422,6.0,1.00833,6.0,3.5,0.17000000000000037,0.0
2020-08-01,4.242819429288391,2.4000000000000057,6.929552380952381,4083.2387404761903,33570.6,2.310476190476191,2.2,6.934585714285714,5.6,-0.1537674829914079,7.0,2.39309,6.0,3.5,0.33000000000000007,0.0
2020-09-01,5.937141907461085,1.7000000000000028,6.811259090909091,2520.0977510454545,35294.7,2.2597565217391304,2.2,6.81475,6.9,-0.1537674829914079,7.0,4.03117,6.0,3.5,-0.19999999999999973,0.0
2020-10-01,5.000160619999794,0.5,6.70389375,3917.9658086469376,38576.5,2.4571058823529413,2.2,6.7111125000000005,6.9,-0.0907597404204422,6.0,3.95008,6.0,3.5,1.0999999999999996,0.0
2020-11-01,7.432003546127741,-0.5,6.604847619047619,4980.123464934762,39514.2,2.5542857142857143,2.2,6.608766666666667,7.0,-0.0907597404204422,6.0,2.87777,6.0,3.5,-1.1299999999999994,0.0
2020-12-01,7.118815627426467,0.2000000000000028,6.541256521739131,5113.546959239478,40566.0,2.21,2.2,6.54234347826087,7.3,-0.1537674829914079,7.0,3.27484,6.0,3.5,0.1299999999999999,0.0
2021-01-01,21.401742731138977,-0.2999999999999971,6.47067,4230.4352037009,34868.4,2.336685,2.2,6.477105,35.1,-0.0907597404204422,6.0,2.20867,6.0,3.5,0.5899999999999999,0.0
2021-02-01,17.650128004538757,-0.2000000000000028,6.4593066666666665,2446.7752888149334,34868.4,2.336664705882353,2.2,6.460226666666666,35.1,-0.1537674829914079,7.0,2.39645,6.0,3.5,-1.1866999999999996,0.0
2021-03-01,17.79428780141061,0.4000000000000057,6.508895652173913,898.0948836176522,35484.1,2.1808521739130433,2.2,6.506595652173913,14.1,-0.0907597404204422,6.0,1.9757,6.0,3.0,0.2999999999999998,0.0
2021-04-01,8.96259260779344,0.9000000000000057,6.519390476190477,2794.2241880396195,33152.6,2.1296590909090907,2.2,6.520428571428571,9.8,-0.0907597404204422,6.0,1.06067,6.0,3.0,-0.18999999999999995,0.0
2021-05-01,7.898600065193961,1.2999999999999972,6.423027777777778,2925.0197448227773,35945.1,2.1657105263157894,2.2,6.431611111111111,8.8,-0.0907597404204422,6.0,2.65308,6.0,3.0,0.29000000000000004,0.0
2021-06-01,7.4676341297927,1.0999999999999943,6.425080952380953,3310.623834485238,37585.8,2.377352380952381,2.2,6.422785714285714,8.3,-0.0907597404204422,6.0,4.3947,6.0,3.0,0.4500000000000002,0.0
2021-07-01,7.896954004788581,1.0,6.474004545454545,3663.639172272728,34925.1,2.231659090909091,2.2,6.4741136363636365,6.4,-0.24857120952918,9.0,4.29867,6.0,3.0,-0.7000000000000002,0.0
2021-08-01,3.974370366585167,0.7999999999999972,6.476727272727273,3777.875018181818,34394.9,2.201818181818182,2.2,6.477236363636364,5.3,-0.0907597404204422,6.0,4.06463,6.0,3.0,0.050000000000000266,0.0
2021-09-01,4.702175812855414,0.7000000000000028,6.456570000000001,4310.406132,36833.0,2.2355772727272725,2.2,6.45987,3.1,-0.1537674829914079,7.0,2.307,6.0,3.0,-0.2400000000000002,0.0
2021-10-01,3.280558024807556,1.5,6.4140999999999995,5422.48014,40453.9,2.236676470588235,2.2,6.4192124999999995,3.5,-0.0907597404204422,6.0,3.165,6.0,3.0,-0.020000000000000018,0.0
2021-11-01,5.888796269726448,2.299999999999997,6.388963636363636,4581.525823636363,41043.2,2.24745,2.2,6.395327272727273,3.8,-0.0907597404204422,6.0,3.82524,6.0,3.0,0.1499999999999999,0.0
2021-12-01,4.3378662016883895,1.5,6.368860869565218,6016.025977391305,41268.9,2.2944173913043477,2.2,6.370013043478261,4.3,-0.3389359362715367,9.0,4.47496,6.0,3.0,-0.10000000000000009,-0.19999999999999973
2022-01-01,6.4230514923663495,0.9000000000000057,6.354884210526316,5425.291748210527,37213.0,2.2000380952380953,2.142857142857143,6.359635000000001,7.5,-0.2428483350580285,10.0,2.73785,6.0,3.0,-0.25,-0.055999999999999606
2022-02-01,6.046419181227036,0.9000000000000057,6.340425,1939.155582,37213.0,2.1885,2.1,6.352555,7.5,-0.2190456492599949,6.0,1.96475,6.0,3.0,0.10999999999999988,0.0
2022-03-01,2.035841202393729,1.5,6.344352173913043,3005.9540599999996,34233.1,2.259265217391304,2.1,6.345721739130434,5.0,-0.2190456492599949,6.0,3.07081,5.5,3.0,0.14500000000000002,0.0
2022-04-01,-1.448569566341662,2.0999999999999943,6.434473684210526,3289.302947368421,29483.1,1.9252380952380952,2.1,6.428015789473684,-2.9,-0.4183888243587252,8.0,3.20745,5.5,3.0,-0.5049999999999999,-0.050000000000000044
2022-05-01,-0.2518766905525216,2.0999999999999943,6.713573684210527,5286.93927631579,33547.0,1.7089100000000002,2.1,6.694185,0.7,-0.2748732098274143,6.0,-0.45204,5.5,3.0,-0.15999999999999992,0.0
2022-06-01,4.025838473590482,2.5,6.696066666666667,6558.127693333334,38742.5,1.863680952380952,2.1,6.6996,3.9,-0.1838934947933115,7.0,-0.22622,5.5,3.0,0.6399999999999999,0.0
2022-07-01,2.7352690727313833,2.700000000000003,6.734019047619047,6819.541089523809,35870.1,1.6438238095238096,2.1,6.732447619047618,3.8,-0.2748732098274143,6.0,0.99619,5.5,3.0,-0.8500000000000001,0.0
2022-08-01,5.509532162081765,2.5,6.801265217391305,5399.524456086958,36257.9,1.5088565217391303,2.0434782608695654,6.794860869565217,4.2,-0.3848041171039533,9.0,-0.51753,5.5,3.0,0.050000000000000044,-0.040000000000000036
2022-09-01,3.765909913799148,2.799999999999997,7.026138095238095,5953.949421904762,37744.9,1.6378714285714284,2.0,6.962061904761905,6.3,-0.4597614103654175,8.0,-1.26904,5.5,3.0,0.3600000000000001,0.0
2022-10-01,4.811429855729532,2.0999999999999943,7.2186375,6146.66983125,40270.5,1.7325000000000002,2.0,7.12869375,5.0,-0.4179476264775095,6.0,-4.37584,5.5,3.0,-0.1200000000000001,0.0
2022-11-01,1.2039952991209413,1.5999999999999943,7.178445454545455,5013.426305454545,38615.1,1.890109090909091,2.0,7.162786363636363,2.2,-0.4179476264775095,6.0,-7.76847,5.5,3.0,0.26000000000000023,0.0
2022-12-01,3.0165991666640357,1.7999999999999972,6.977713636363637,5443.314407727274,40542.3,2.2134454545454543,2.0,6.983259090909091,1.3,-0.5837003233742244,10.0,-7.86687,5.5,3.0,0.7999999999999998,0.0
2023-01-01,3.7160948387026993,2.0999999999999943,6.788975,6793.319944,38533.5,2.06935,2.0,6.7975812499999995,2.4,-0.4761347128034554,7.0,-6.60512,5.5,3.0,-0.7999999999999998,0.0
2023-02-01,3.806669562987519,1.0,6.836409999999999,1149.9525261,38533.5,2.298535,2.0,6.829585,2.4,-0.4179476264775095,6.0,-7.35808,5.5,3.0,0.6499999999999999,0.0
2023-03-01,6.584138071603141,0.7000000000000028,6.897926086956522,6083.281016086957,37855.4,2.37,2.0,6.898152173913044,3.9,-0.5990841201491288,8.0,-8.90977,5.0,3.0,-0.1499999999999999,0.9500000000000002
2023-04-01,8.37450474314425,0.0999999999999943,6.888942105263158,6214.514673157894,34910.5,2.241,2.0,6.885168421052631,5.6,-0.4179476264775095,6.0,-9.38985,5.0,3.0,-0.30000000000000027,0.0
2023-05-01,7.66549017668241,0.2000000000000028,6.998704999999999,4605.8477605,37803.3,1.9597380952380952,2.0,6.991195,3.5,-0.4179476264775095,6.0,-7.13722,5.0,3.0,-0.2999999999999998,0.0
2023-06-01,3.670500370395846,0.0,7.16204,5057.8326480000005,39951.4,2.1085714285714285,1.938095238095238,7.149204999999999,4.4,-0.511684357087631,10.0,-9.33557,5.0,3.0,0.5,0.060000000000000275
2023-07-01,5.186704987561974,-0.2999999999999971,7.188833333333333,5794.199666666666,36760.7,1.9476190476190476,1.9,7.1618666666666675,3.7,-0.553627789222333,6.0,-11.76869,5.0,3.0,-0.6300000000000001,0.0
2023-08-01,4.502581839582653,0.0999999999999943,7.253330434782609,4958.376685217392,37932.7,1.9369565217391305,1.8434782608695652,7.1732695652173915,4.5,-0.6649420664064789,9.0,-10.00196,5.0,3.0,0.30999999999999983,0.07999999999999985
2023-09-01,5.316704782617165,0.0,7.29615,5669.838165,39826.0,2.005125,1.8,7.183895,4.5,-0.7932882860066591,10.0,-8.80957,5.0,3.0,0.12000000000000033,-0.04999999999999982
2023-10-01,4.44851630212757,-0.2000000000000028,7.309094117647058,4131.830904705882,43333.0,2.2789473684210524,1.8,7.178623529411765,4.6,-0.6763285983048895,6.0,-6.95967,5.0,3.0,0.2999999999999998,0.0
2023-11-01,6.261648179595514,-0.5,7.226881818181818,4943.187163636364,42505.0,2.373181818181818,1.8,7.154359090909091,6.6,-0.6763285983048895,6.0,-5.32618,5.0,3.0,0.25,0.0
2023-12-01,5.204043358706212,-0.2999999999999971,7.141138095238095,5380.133440952381,43550.2,2.4372238095238097,1.8000000000000005,7.103880952380953,6.8,-0.7233744143119962,8.0,-5.42898,5.0,3.0,-0.3500000000000001,0.0
2024-01-01,5.696128982901416,-0.7999999999999972,7.170518181818181,6127.781427818181,40653.45,2.236818181818182,1.8,7.105986363636364,7.0,-0.6838279670356823,7.0,-6.57291,5.0,3.0,-0.04999999999999982,0.0
2024-02-01,5.742693000399601,0.7000000000000028,7.1931,2856.092286,40653.45,2.0030777777777775,1.7999999999999998,7.10509375,7.0,-0.9331289639399754,9.0,-4.88377,5.0,3.0,-0.06340000000000012,-0.023399999999999865
2024-03-01,4.479840324099094,0.0999999999999943,7.202771428571428,4217.222671428572,39019.9,2.097142857142857,1.8000000000000005,7.097799999999999,4.5,-0.7466529138670153,7.0,-5.36525,5.0,3.0,0.25,0.0
2024-04-01,4.739839845622229,0.2999999999999971,7.239265,5237.608227500001,35699.1,1.955,1.8,7.10066,6.7,-0.7403596861332365,7.0,-3.76547,5.0,3.0,-0.19999999999999973,0.0
2024-05-01,5.005529137549725,0.2999999999999971,7.233375,5976.214425,39211.0,1.8766666666666665,1.8000000000000005,7.105665,5.6,-0.7693745325839222,6.0,-3.16785,5.0,3.0,-0.2200000000000002,0.0
2024-06-01,4.362579217616824,0.2000000000000028,7.255752631578947,7186.822981578946,40731.6,1.9842105263157896,1.8,7.116194736842106,5.3,-0.7466529138670153,7.0,-0.8481,5.0,3.0,0.41999999999999993,0.0
2024-07-01,4.522069400751283,0.5,7.262813043478261,6147.753356913045,37757.4,1.8860869565217393,1.7652173913043478,7.131552173913043,5.1,-0.8453920582170522,10.0,0.08768,5.0,3.0,-0.3999999999999999,0.10000000000000009
2024-08-01,4.317240737458183,0.5999999999999943,7.152504545454545,6510.3526873636365,38725.8,1.8881818181818184,1.6999999999999995,7.134236363636363,4.5,-0.9760030694520944,7.0,-0.40353,5.0,3.0,-0.019999999999999796,0.0
2024-09-01,4.959488485671004,0.4000000000000057,7.077905263157895,5783.427169578948,41112.3,1.950952380952381,1.6809523809523808,7.079057894736842,5.4,-1.149024499610272,13.0,-0.87824,5.0,3.0,0.43000000000000016,-0.2999999999999996
2024-10-01,5.5921619500638675,0.2999999999999971,7.10585,6801.6356288530005,45396.4,1.904736842105263,1.5,7.1058,5.3,-1.3031952208221187,6.0,-0.46481,5.0,3.0,-0.5299999999999998,0.06999999999999984
2024-11-01,5.140543639254713,0.2000000000000028,7.209404761904763,7025.070303215476,43763.0,1.833809523809524,1.5,7.1729095238095235,5.4,-1.3031952208221187,6.0,-0.19625,5.0,3.0,-0.07000000000000006,0.0
2024-12-01,5.468470562232586,0.0999999999999943,7.282113636363636,7634.415885830909,45171.5,1.9322727272727271,1.5,7.18865,6.2,-1.2042135037854695,7.0,-0.64026,5.0,3.0,0.40000000000000013,0.0
2025-01-01,5.432709222047172,0.5,7.310294444444444,10146.424056229998,41865.3,2.1257894736842107,1.5,7.183266666666666,5.9,-1.5824131175793106,6.0,0.26178,5.0,3.0,0.3999999999999999,0.0
2025-02-01,4.951783890490535,-0.7000000000000028,7.277422222222222,2308.311945887111,41865.3,2.0942105263157895,1.5,7.171144444444444,5.9,-1.5871226487723824,5.0,-1.84371,5.0,3.0,0.30000000000000027,0.0
2025-03-01,5.8141972251468665,-0.0999999999999943,7.250790476190477,7442.390004239239,40940.5,1.9733333333333332,1.5,7.17372380952381,7.7,-1.1826302241311746,5.0,-1.85347,5.0,2.0,0.04999999999999982,0.0
2025-04-01,4.931541267291495,-0.0999999999999943,7.302504761904761,7023.559814681999,37174.1,1.7745454545454544,1.5,7.203371428571429,6.1,-1.325706979772575,4.0,-4.79564,5.0,2.0,-0.41999999999999993,0.0
2025-05-01,5.552076226896729,-0.0999999999999943,7.208078947368421,7440.209147162894,41325.8,1.6421052631578947,1.4105263157894736,7.1950473684210525,5.8,-1.404857269529253,11.0,-4.73158,5.0,2.0,-0.08000000000000007,-0.11999999999999988
2025-06-01,5.113534145632004,0.0999999999999943,7.181405,8240.7530104592,42287.4,1.643895,1.4,7.1756850000000005,6.8,-1.4565101637417723,4.0,-5.42823,5.0,2.0,0.19999999999999996,0.0
2025-07-01,4.5319352994716455,0.0,7.172660869565218,7046.75420418574,38780.2,1.5575478260869564,1.4,7.1490913043478255,5.7,-1.4565101637417723,4.0,-5.25624,5.0,2.0,-0.34999999999999987,0.0
2025-08-01,5.197890103530645,-0.4000000000000057,7.175004761904761,7342.096631550237,39667.6,1.5090476190476192,1.4,7.130938095238096,5.2,-1.4565101637417723,4.0,-4.89488,5.0,2.0,-0.08000000000000007,0.0
2025-09-01,4.6679950252546565,-0.2999999999999971,7.124745454545454,6444.150368884908,41971.0,1.5491304347826087,1.4,7.1068181818181815,6.5,-1.4565101637417723,4.0,-4.4848,5.0,2.0,0.1299999999999999,0.0
2025-10-01,5.473388048646077,0.2000000000000028,7.120094117647059,6413.369880544941,46291.3,1.5105555555555557,1.4,7.094805882352941,4.9,-1.4565101637417723,4.0,-4.45265,5.0,2.0,-0.1499999999999999,0.0
2025-11-01,3.862434140462634,0.7000000000000028,7.108015,7937.94306415205,43898.0,1.5115,1.4,7.0848,4.8,-1.4565101637417723,4.0,-3.14617,5.0,2.0,0.030000000000000027,0.0
2025-12-01,4.154707019105586,0.7999999999999972,7.042439130434783,8035.930244292262,45135.9,1.5834782608695652,1.4,7.059347826086956,5.2,-1.4565101637417723,4.0,-2.43556,5.0,2.0,0.6700000000000002,0.0
2026-01-01,,,,,,,1.4,,6.3,-1.5685622328381703,4.0,-2.21932,5.0,2.0,0.0,0.0
2026-02-01,,,,,,,,,6.3,,,-1.46336,5.0,2.0,,
