date,realgdp_monthly_yoy,cpi,CNYUSDSpot,trade balance,current consumption,proxy_fai,FR007,IP_yoy,M2_growth,US_IP_yoy,neer_yoy
2000-01-01,,-0.20000000000000284,8.279219047619048,105.48352403689448,2962.9,568.9524401405846,2.552,10.4,,4.62096,-1.07455
2000-02-01,,0.7000000000000028,8.27786875,92.2849387814505,2804.9,568.9524401405846,2.5133333333333336,12.0,,4.31334,-0.34269
2000-03-01,,-0.20000000000000284,8.278560869565217,159.884504122571,2626.6,1390.983289092387,2.4610869565217395,11.9,,4.44729,-3.20897
2000-04-01,,-0.29999999999999716,8.279285,146.6620143742967,2571.5,1477.4059174479985,2.4250000000000003,11.4,,4.82803,-2.82634
2000-05-01,,0.09999999999999432,8.277527777777777,215.05899120627353,2636.9,1880.089851146603,2.394722222222222,11.5,,4.45147,-0.79692
2000-06-01,,0.5,8.2772,129.59518217606913,2645.2,2655.8336686199855,2.3740909090909095,12.2,,4.57429,-2.13165
2000-07-01,,0.5,8.279338095238096,136.19560473440703,2596.9,2009.9134203132635,2.3592857142857144,12.8,,3.76985,-1.57618
2000-08-01,,0.29999999999999716,8.279569565217392,174.21928793890393,2636.3,2003.2771345388956,2.3293478260869565,12.8,,3.07342,0.69577
2000-09-01,,0.0,8.278580952380953,154.76935497227342,2854.3,2526.918582043416,2.3104545454545455,12.0,,3.96881,1.95946
2000-10-01,,0.0,8.278335294117646,266.14450141263455,3029.3,2560.3793448812285,2.3058333333333336,11.4,,2.31422,3.96717
2000-11-01,,1.2999999999999972,8.2774,35.216890290639995,3107.8,2819.0516378160864,2.310227272727273,10.6,,1.84913,5.43732
2000-12-01,,1.5,8.277138095238096,39.181380994731256,3680.0,6506.67885944384,2.461190476190476,10.4,,0.73977,5.7687
2001-01-01,10.603314056718215,1.2000000000000028,8.277264705882354,94.64839639003954,3332.8,663.9674976440623,2.4865789473684208,10.2,16323.23000000001,0.39765,5.43109
2001-02-01,8.804127867258305,0.0,8.277035,66.66003662982065,3047.1,663.9674976440623,2.5224,19.0,14626.770000000019,-0.56685,2.92289
2001-03-01,9.102467599358777,0.7999999999999972,8.277531818181817,162.14516594363678,2876.1,1582.8152876608385,2.4966363636363638,12.1,16137.639999999985,-1.1223,5.95687
2001-04-01,8.32689227216572,1.5999999999999943,8.277104761904761,63.91347966663614,2820.9,1756.5823281981484,2.4213478260869565,11.5,15827.98000000001,-2.06022,7.65693
2001-05-01,8.910538197107808,1.7000000000000028,8.277183333333333,137.3483421400315,2929.6,2255.0548999034418,2.385022222222222,10.2,14962.589999999997,-2.79118,5.28853
2001-06-01,8.556918655039292,1.4000000000000057,8.277038095238096,56.82817126630566,2908.7,3148.8870471168675,2.3544285714285715,10.1,21204.34000000001,-3.34222,7.41096
2001-07-01,8.131211023750296,1.5,8.276890909090909,132.36852879899527,2851.4,2422.4485776838446,2.304459090909091,8.1,22904.810000000012,-3.77351,7.58281
2001-08-01,6.788450842168614,1.0,8.27696956521739,94.44461713931909,2889.4,2434.657168101254,2.2988695652173914,8.1,22151.460000000006,-3.62153,4.28126
2001-09-01,9.077418014995487,-0.09999999999999432,8.276819999999999,146.51797295113238,3136.9,2898.9299068452347,2.2601363636363634,9.5,21348.76000000001,-4.55016,2.04109
2001-10-01,6.63232105025775,0.20000000000000284,8.276805555555555,266.39854212581656,3347.3,2885.226736942692,2.1840555555555556,8.8,21974.809999999998,-4.4405,2.11842
2001-11-01,8.303416913015283,-0.29999999999999716,8.276877272727273,216.15479783905863,3421.7,3084.487287808097,2.140090909090909,7.9,23094.22999999998,-5.04491,1.8492
2001-12-01,7.563498126219903,-0.29999999999999716,8.276838095238096,144.71724704846224,4033.3,6866.08816230694,2.140217391304348,8.7,23691.660000000003,-4.77478,2.87056
2002-01-01,8.881624154428014,-1.0,8.27667,187.2107953560113,3596.1,826.6395345668576,2.13739,10.9,22095.639999999985,-3.68262,3.25821
2002-02-01,9.128731164593518,0.0,8.276646666666666,220.49104203490134,3324.4,826.6395345668576,2.0793529411764706,2.7,24725.419999999984,-3.03997,4.57466
2002-03-01,8.990782196041325,-0.7999999999999972,8.27707619047619,91.36636172446276,3114.8,2017.1770376649276,1.9580000000000002,10.9,25320.110000000015,-2.13749,1.15747
2002-04-01,7.513540687785913,-1.2999999999999972,8.277204545454545,66.59220008620215,3052.2,2261.723641969336,1.9534375,12.1,24620.709999999992,-1.30533,-1.1812
2002-05-01,10.326521461589412,-1.0999999999999943,8.276894444444444,151.47373190465,3202.1,2776.183740133617,1.9527833333333335,12.9,27007.160000000003,-0.43329,-2.63225
2002-06-01,8.824747341034378,-0.7999999999999972,8.27705,199.9533623830505,3158.8,3820.3020614586767,1.9523499999999998,12.4,21791.569999999978,0.92091,-4.69328
2002-07-01,10.453027675876081,-0.9000000000000057,8.276795652173913,152.24121215003487,3096.6,2976.04486123115,1.9503913043478263,12.8,21622.410000000003,1.5387,-7.26463
2002-08-01,9.757418087259095,-0.7000000000000028,8.27671818181818,152.9359391067923,3143.7,3036.337925917607,1.9658181818181817,12.7,23309.160000000003,1.54248,-4.59919
2002-09-01,8.901599907508938,-0.7000000000000028,8.276985714285715,145.00617139204937,3422.4,3618.298254512574,2.175391304347826,13.8,25162.609999999986,2.14606,-3.62385
2002-10-01,8.863720882231174,-0.7999999999999972,8.276966666666667,325.36855780014787,3661.9,3544.9117601242906,2.2460222222222224,14.2,25796.899999999994,2.21354,-3.74952
2002-11-01,10.012524349152274,-0.7000000000000028,8.277071428571428,169.53407875447687,3733.1,3661.2695545210045,2.231157142857143,14.5,25647.96000000002,3.4115,-5.61309
2002-12-01,8.741199082696705,-0.4000000000000057,8.277240909090908,216.28827609823614,4404.4,6632.966048415434,2.3019772727272727,14.9,26705.04999999999,2.88039,-6.5449
2003-01-01,11.639489718503615,0.4000000000000057,8.276827272727273,-84.95967799359302,3907.4,1097.7773019047868,,17.5,30905.78,3.07114,-8.76777
2003-02-01,10.844761801113489,0.20000000000000284,8.277446666666666,46.3119662031105,3706.4,1097.7773019047868,,19.8,29172.820000000007,3.18171,-9.58466
2003-03-01,11.113293670064861,0.9000000000000057,8.277238095238095,-31.36832064366519,3494.8,2634.7656327374407,,16.9,30422.72999999998,2.17094,-8.43707
2003-04-01,10.760171066908853,1.0,8.277136363636364,69.5979816921719,3406.9,2911.1743355951976,,14.9,31559.570000000007,1.06881,-7.64242
2003-05-01,6.738360833238599,0.7000000000000028,8.276888235294118,153.32387543798205,3463.3,3727.42014274119,,13.7,33482.19,0.63692,-8.42366
2003-06-01,10.202883587556899,0.29999999999999716,8.27708095238095,146.58983016555032,3576.9,5169.153135995039,,16.9,35306.18000000002,-0.05887,-7.22601
2003-07-01,9.054577103512273,0.5,8.277247826086956,109.34250544860883,3562.1,3936.682865303377,,16.5,35341.92999999999,0.487,-4.47249
2003-08-01,10.815513028590651,0.9000000000000057,8.277014285714285,191.39137310008007,3609.6,3973.597282680137,,17.1,37340.97999999998,0.37924,-4.34427
2003-09-01,10.441412393623839,1.0999999999999943,8.277140909090908,19.7559867534462,3971.8,4569.033423054432,,16.3,36581.92000000001,0.94073,-5.8221
2003-10-01,12.047769000911801,1.7999999999999972,8.276716666666665,392.7613299589996,4204.4,4349.562952577569,,17.2,37175.20999999999,1.27597,-8.04552
2003-11-01,9.756850753010982,3.0,8.276925,333.5411710404273,4202.7,4590.779792546346,,17.9,36615.47,1.38703,-5.5405
2003-12-01,8.592353719942846,3.200000000000003,8.276982608695652,392.23500880383284,4735.7,8164.342071285413,,18.1,36215.850000000006,1.98419,-6.50109
2004-01-01,10.85226705049398,3.200000000000003,8.27694375,-1.672001314099247,4569.4,1679.599271914324,2.501761111111111,16.6,34556.880000000005,1.27636,-5.97403
2004-02-01,10.25134141101509,2.0999999999999943,8.277125,-539.3174150117895,4211.4,1679.599271914324,2.217895,23.2,36942.31,1.76639,-7.1215
2004-03-01,10.69209172578265,3.0,8.277013043478261,-36.98989761379663,4049.8,3780.014765787839,1.9171347826086955,19.4,37167.30000000002,1.62638,-5.21835
2004-04-01,12.21580875230044,3.799999999999997,8.276918181818182,-154.1463883403741,4001.8,3915.6409394025904,2.117609090909091,19.1,37497.72999999998,2.61512,-4.32328
2004-05-01,11.623314661653495,4.400000000000006,8.27704375,144.06599436739398,4166.1,4405.2427866437465,2.1807833333333333,17.5,35337.20999999999,3.38458,0.04278
2004-06-01,10.97433442253517,5.0,8.276663636363637,126.29797628254273,4250.7,6335.7718489879335,2.4169636363636364,16.2,33520.06999999998,2.44703,-0.51926
2004-07-01,10.54490440444913,5.299999999999997,8.276736363636363,139.17511169976422,4209.2,5177.629304263606,2.342322727272727,15.5,31933.899999999994,2.68486,-1.40744
2004-08-01,8.688867586172154,5.299999999999997,8.2768,307.5617887194675,4262.7,5012.999253602764,2.2827363636363636,15.9,29137.290000000008,2.97845,-1.42369
2004-09-01,10.16130904627044,5.200000000000003,8.27665,341.9752154976228,4717.7,5836.981024552257,2.143731818181818,16.1,30189.75,2.4488,-0.54379
2004-10-01,6.978520474710592,4.299999999999997,8.27651875,485.6912997020288,4983.2,5516.214497900284,2.1443222222222222,15.7,29270.96000000002,3.19575,-0.56777
2004-11-01,9.777029932588555,2.799999999999997,8.276499999999999,677.8640353574598,4965.6,5716.713486345274,2.092409090909091,14.8,30783.849999999977,2.76301,-4.53177
2004-12-01,9.620556127791735,2.4000000000000057,8.276499999999999,758.742039825869,5562.5,9922.950068788668,1.8736521739130436,14.4,31984.880000000005,3.55115,-4.77573
2005-01-01,10.389623988500096,1.9000000000000057,8.276499999999999,444.8441974264241,5300.9,2091.1010935333334,1.844875,16.9,32606.540000000008,3.76567,-3.46031
2005-02-01,11.873511587102769,3.9000000000000057,8.276499999999999,298.45249742701935,5012.2,2091.1010935333334,2.0505176470588236,7.6,32306.570000000007,3.89219,-1.27305
2005-03-01,11.350797739093622,2.700000000000003,8.276499999999999,392.7135722524156,4799.1,4763.232089882793,1.7142217391304349,15.1,32934.34,4.16855,-4.3031
2005-04-01,11.502238994257773,1.7999999999999972,8.276499999999999,314.49078231412085,4663.3,4950.517514067522,1.2939227272727274,16.0,33364.79999999999,4.00646,-4.46107
2005-05-01,10.926617565788654,1.7999999999999972,8.276499999999999,615.7083689966638,4899.2,5645.610862060828,1.1495055555555556,16.6,34398.09,3.35348,-5.43122
2005-06-01,10.87506767241495,1.5999999999999943,8.276499999999999,662.9215522050015,4935.0,8160.9866993133,1.0952636363636363,16.8,37358.04000000004,4.63471,-2.97231
2005-07-01,10.36169091839172,1.7999999999999972,8.220947619047617,712.7234841666872,4934.9,6607.740343907961,1.1947333333333334,16.1,38839.31000000003,3.52985,-0.7429
2005-08-01,11.652715384219704,1.2999999999999972,8.101678260869564,695.2891813163495,5040.8,6440.508045467752,1.2369217391304348,16.0,41559.02999999997,3.79759,-1.54535
2005-09-01,10.700280266327344,0.9000000000000057,8.077209090909092,493.3798791553548,5495.2,7549.784260680775,1.1981772727272728,16.5,43681.390000000014,1.65745,-1.6259
2005-10-01,11.87624363250701,1.2000000000000028,8.07211875,782.9511725551343,5846.6,7000.866220853699,1.1224611111111111,16.1,43851.28999999998,2.02091,1.39092
2005-11-01,11.840042718640031,1.2999999999999972,8.078059090909091,687.1711865117035,5909.0,7392.6392214791995,1.1855363636363636,16.6,45214.81000000003,2.91207,5.67823
2005-12-01,13.445602718979565,1.5999999999999943,8.07320909090909,718.0090033478464,6850.4,12327.6540487913,1.5658608695652174,16.5,45547.96999999997,2.62591,7.04268
2006-01-01,13.166601258790145,1.9000000000000057,8.063733333333333,617.2050194040481,6641.6,2647.3339844132,1.6871684210526314,16.2,45863.18000000002,2.41948,4.89458
2006-02-01,11.953611662251884,0.9000000000000057,8.047641176470588,157.0265214650842,6001.9,2647.3339844132,1.39835,20.1,45158.98000000001,1.72424,4.72803
2006-03-01,12.07768106736349,0.7999999999999972,8.03288695652174,721.976620443168,5796.7,6316.505722653998,1.485682608695652,17.8,45901.71000000002,2.09154,5.4807
2006-04-01,13.634250723702678,1.2000000000000028,8.01275,671.3714995751264,5774.6,6397.97982967761,1.7029863636363636,16.6,46709.68000000005,2.18161,3.84094
2006-05-01,13.759791068414629,1.4000000000000057,8.012544444444444,834.8777879696041,6175.6,7453.502615802376,1.6891388888888887,17.9,47469.31,2.11567,1.22098
2006-06-01,13.406373626363589,1.5,8.004977272727272,929.3421350156208,6057.8,10910.791162729143,1.971840909090909,19.5,46970.81999999995,1.98034,1.16557
2006-07-01,11.527541766824134,1.0,7.988080952380952,933.1261758945311,6012.2,8401.480753980759,2.294323809523809,16.7,47044.47999999998,2.25184,-0.89522
2006-08-01,12.689305693956587,1.2999999999999972,7.972308695652174,1194.6372508265624,6077.4,7834.351830950676,2.4528652173913046,15.7,46597.45000000001,2.36697,-1.07085
2006-09-01,12.383580215695122,1.5,7.9321190476190475,961.8361827552571,6553.6,9312.066242516856,2.1776863636363637,16.1,44427.08999999997,4.21593,0.20477
2006-10-01,13.536262993889348,1.4000000000000057,7.899723529411765,1487.117095552162,6997.7,8200.890220008223,2.3546555555555555,14.7,45155.57000000001,2.8481,-0.15884
2006-11-01,13.031406302191929,1.9000000000000057,7.8621409090909085,1417.2549741339992,6821.7,9248.478357946064,3.1672727272727275,14.9,45153.76999999996,1.66217,-1.7484
2006-12-01,11.016002151084914,2.799999999999997,7.821166666666666,1284.418753686898,7499.2,14031.353454404787,2.131682608695652,14.7,46847.92000000004,2.17073,-1.21048
2007-01-01,12.460752803746944,2.200000000000003,7.785465,962.5740747911748,7488.3,3266.810136765889,1.67089,18.5,47927.119999999995,1.66467,1.75162
2007-02-01,14.63772475195273,2.700000000000003,7.751293333333334,1427.3349575014734,7013.7,3266.810136765889,2.7104470588235294,12.6,54142.97999999998,2.57936,1.66997
2007-03-01,13.7197014241891,3.299999999999997,7.737772727272727,411.4145982737806,6685.8,8015.180361893163,1.6892772727272727,17.6,53603.00999999995,2.5308,1.46404
2007-04-01,15.287971139726885,3.0,7.7243619047619045,1005.1144126758153,6672.5,8052.687033628357,2.924169565217391,17.4,53624.119999999995,2.9076,1.27647
2007-05-01,14.707357784232734,3.4000000000000057,7.666077777777777,1320.7817827999113,7157.5,9455.996407379822,2.4842555555555554,18.1,53008.350000000035,2.97985,4.6761
2007-06-01,14.706147441357098,4.400000000000006,7.630514285714286,1566.8319933050507,7026.0,14027.673652273505,2.6985571428571427,19.4,55075.80000000005,2.71403,4.97784
2007-07-01,14.465993721281588,5.599999999999994,7.574186363636364,1397.3147841692407,6998.2,10599.901187239957,2.6792363636363636,18.0,59874.119999999995,2.64344,5.62713
2007-08-01,14.31327535428515,6.5,7.5720217391304345,1431.9015219374505,7116.6,9970.898697868171,2.229365217391304,17.5,59319.48000000004,2.39175,6.88019
2007-09-01,13.827704562215182,6.200000000000003,7.521305,1346.6972265708753,7668.4,11612.623890887451,4.2364227272727275,18.9,61233.54999999999,2.79012,4.91899
2007-10-01,14.985386852699833,6.5,7.5006055555555555,1521.845120044742,8263.0,10716.536419826109,3.673194444444444,17.9,61456.98999999999,2.61793,2.51663
2007-11-01,12.718299240337139,6.900000000000006,7.419527272727273,1446.7666482367358,8104.7,11656.94832152847,2.7734636363636365,17.3,62253.75,3.20877,2.6331
2007-12-01,14.019124987071585,6.5,7.370234999999999,1232.366368654009,9015.3,16857.735498590308,3.097809523809524,17.4,57838.619999999995,2.20298,4.28139
2008-01-01,12.189635259917209,7.099999999999994,7.240127272727273,1020.375017075981,9077.3,4060.645,2.980759090909091,15.4,66319.89999999997,2.41419,4.00734
2008-02-01,10.985401085470148,8.700000000000003,7.1577875,438.2889359813831,8354.7,4060.645,3.035661111111111,15.4,62378.590000000026,1.06028,5.74889
2008-03-01,11.626375612100247,8.299999999999997,7.072447619047619,670.5990870528321,8123.2,10195.65,2.5156714285714283,17.8,58960.87000000005,0.57343,4.71071
2008-04-01,11.649021883171917,8.5,6.9972095238095235,816.1005999270609,8142.0,10093.14,3.0553523809523813,15.7,61987.25999999995,-0.74277,6.53108
2008-05-01,10.622431465493175,7.700000000000003,6.970454999999999,981.9690230781822,8703.5,11854.13,3.3485571428571426,16.0,66503.44999999995,-1.43831,6.2171
2008-06-01,10.727826074269897,7.099999999999994,6.896590000000001,998.8038571418142,8642.0,18171.78,3.3920000000000003,16.0,65308.869999999995,-1.72494,5.58604
2008-07-01,10.521851616481005,6.299999999999997,6.836317391304347,1181.3685620694268,8628.8,13724.1,3.097256521739131,14.7,62477.28999999998,-1.95855,5.1451
2008-08-01,8.787232799028533,4.900000000000006,6.852309523809525,1347.3108055292803,8767.7,12759.61,3.247457142857143,12.8,61641.52999999997,-3.68328,6.46504
2008-09-01,9.197782422651613,4.599999999999994,6.834673684210526,1371.8050626690417,9446.5,14951.03,3.1757761904761903,11.4,59799.79000000004,-8.13003,9.71063
2008-10-01,7.254950951725969,4.0,6.833505,1645.564173728076,10082.7,13318.36,3.1415300000000004,8.2,58929.15000000002,-6.95432,16.09763
2008-11-01,7.259330743024073,2.4000000000000057,6.82738,1868.711263739028,9790.8,14425.07,2.648965,5.4,58886.74000000005,-8.66983,19.07246
2008-12-01,6.795534957896532,1.2000000000000028,6.852595652173913,1830.4271488624943,10728.5,20553.11,1.5241521739130435,5.7,71724.38999999996,-11.27619,14.04479
2009-01-01,6.555362899105632,1.0,6.83574,1827.4752931499813,10756.6,5137.895,0.9538000000000001,3.8,78317.97000000003,-13.37457,14.08221
2009-02-01,5.692456333288587,-1.5999999999999943,6.83572,226.20531524936317,9323.8,5137.895,0.9528047619047619,11.0,85670.23999999999,-13.56273,13.65013
2009-03-01,6.947310581058996,-1.2000000000000028,6.835999999999999,867.3924885957599,9317.6,13286.21,0.953890909090909,8.3,107572.17999999993,-14.65604,16.40097
2009-04-01,7.095572849001641,-1.5,6.830442857142858,612.8143962435911,9343.2,13520.31,0.9437952380952381,7.3,111167.48999999999,-14.81396,13.1487
2009-05-01,8.794420914083645,-1.4000000000000057,6.823316666666667,623.3384982210624,10028.4,16438.02,0.9541999999999999,8.9,112041.91000000003,-15.16036,9.09456
2009-06-01,8.721082920555423,-1.7000000000000028,6.833581818181818,385.33484235142186,9941.6,24578.03,1.0165090909090908,10.7,125775.17999999993,-15.28248,6.42324
2009-07-01,9.630859442227901,-1.7999999999999972,6.83164347826087,496.1004700135567,9936.5,17833.66,1.5156739130434784,10.8,126740.68,-14.01872,6.04
2009-08-01,11.444628476623976,-1.2000000000000028,6.8322,733.4092671047911,10115.6,17052.78,1.474895238095238,12.3,127852.26999999996,-11.6893,2.8147
2009-09-01,10.734556702255759,-0.7999999999999972,6.82775,602.8719092831677,10912.8,20191.8,1.5931652173913045,13.9,132506.63999999996,-6.80588,-0.90033
2009-10-01,13.425917965976431,-0.5,6.826725,1117.9238741965257,11717.6,17533.16,1.5243941176470588,16.1,133509.97000000003,-7.47451,-6.53785
2009-11-01,11.307321995120322,0.5999999999999943,6.82752380952381,890.0216553598872,11339.0,17924.45,1.4367904761904762,19.2,135960.06999999995,-5.83001,-9.15118
2009-12-01,10.995601700142178,1.9000000000000057,6.827826086956521,859.1998552558578,12610.0,25504.41,1.4805565217391303,18.5,135057.92000000004,-2.70422,-5.47879
2010-01-01,11.136816077555544,1.5,6.82702,660.3567523420314,12718.1,6507.015,1.473765,20.7,129472.65000000002,0.8723,-6.57629
2010-02-01,14.148996350182008,2.700000000000003,6.8277866666666664,354.8790835806322,12334.2,6507.015,1.8439764705882353,12.8,129364.18,1.87082,-6.69446
2010-03-01,11.347607066533794,2.4000000000000057,6.826321739130435,-337.2018981674762,11321.7,16778.66,1.6449478260869563,18.1,119320.75,4.20067,-7.85747
2010-04-01,10.633918501269557,2.799999999999997,6.825790476190476,78.32967431416469,11510.4,16950.06,1.6486380952380952,17.8,116080.01000000001,5.42821,-5.7153
2010-05-01,10.684989477458885,3.0999999999999943,6.828069999999999,910.674062814638,12455.1,20615.55,1.8827950000000002,16.5,115087.85999999999,7.94261,-0.09822
2010-06-01,10.78079924855182,2.9000000000000057,6.8167526315789475,930.37775008322,12329.9,30689.08,2.6867380952380953,13.7,105005.52000000002,8.55133,2.37916
2010-07-01,9.498704966538241,3.299999999999997,6.776654545454545,1319.386953522956,12252.8,21818.87,2.041859090909091,13.4,100948.63,7.74701,1.6849
2010-08-01,9.865656492048203,3.5,6.787854545454545,923.1616793484552,12569.8,21131.5,1.8327136363636363,13.9,110807.97000000009,6.96874,1.43219
2010-09-01,10.330420999454049,3.5999999999999943,6.748994736842104,768.6373276102717,13536.5,24871.83,2.403390909090909,13.3,111066.16000000003,6.34668,2.39283
2010-10-01,8.509924919053624,4.400000000000006,6.66106875,1204.4510799823788,14284.8,21686.53,2.002611764705882,13.1,113133.44999999995,5.76026,2.49642
2010-11-01,11.264496701616423,5.099999999999994,6.6536181818181825,1013.3467315504696,13910.9,23141.72,2.035568181818182,13.3,115734.30000000005,5.39501,4.73026
2010-12-01,9.946060499509745,4.599999999999994,6.646373913043479,577.8024021969062,15329.5,30717.1,3.9975652173913043,13.5,115627.27000000002,5.9962,4.37292
2011-01-01,11.427752529375956,4.900000000000006,6.599115,281.36311830760854,15249.0,8722.08,4.852509523809523,14.1,108275.64000000001,4.6325,3.95876
2011-02-01,8.1417627447528,4.900000000000006,6.583106666666667,-316.62659919803787,13769.1,8722.08,3.734575,14.9,100058.69999999995,3.82736,1.91162
2011-03-01,10.748257521785632,5.400000000000006,6.566130434782609,5.982637540908286,13588.0,22020.75,2.392291304347826,14.8,108183.52000000002,4.19303,1.80123
2011-04-01,10.298426800243309,5.299999999999997,6.527257894736842,486.68503715834976,13649.0,23251.32,2.82928,13.4,100823.42000000004,3.50533,0.69313
2011-05-01,9.758268826288653,5.5,6.495704761904761,550.4814794613507,14696.8,27538.29,3.686152380952381,13.3,100057.94000000006,2.24889,-1.63451
2011-06-01,9.645779018477118,6.400000000000006,6.474334999999999,933.5998312361079,14565.1,34312.17,5.899557142857143,15.1,106899.25,2.36888,-1.79795
2011-07-01,9.143433122725009,6.5,6.4580238095238105,1313.0576487995015,14408.0,27853.18,5.256238095238095,14.0,98872.20999999996,2.48413,-0.3957
2011-08-01,9.631196805755526,6.200000000000003,6.404291304347826,728.3827231154968,14705.0,28187.76,3.9513347826086958,13.5,93345.41999999993,2.79929,1.46195
2011-09-01,9.126402222033292,6.099999999999994,6.389780952380953,592.593692797681,15865.1,31666.38,4.110838095238096,13.8,90934.73999999999,2.41238,4.72382
2011-10-01,9.66882870205039,5.5,6.368875,690.9052354149793,16546.4,29091.09,3.9402999999999997,13.2,117052.55000000005,3.41622,7.61132
2011-11-01,8.181482074554204,4.200000000000003,6.356504545454545,587.0111915877957,16128.9,28087.03,3.7536363636363634,12.4,115154.95999999996,3.31742,6.24611
2011-12-01,8.263844928007092,4.099999999999994,6.347254545454546,665.5485538755254,17739.7,32480.73,3.8882695652173913,12.8,125739.1499999999,2.85913,6.52414
2012-01-01,5.9212214036485245,4.5,6.314266666666667,1087.5158114656797,16834.3,10594.415,4.871541176470588,11.4,122013.95999999996,3.691,7.65275
2012-02-01,10.392554812768239,3.200000000000003,6.299947619047619,-1249.5522315845226,16834.3,10594.415,4.147219047619048,21.3,131040.46000000008,4.43915,5.63946
2012-03-01,8.030740832770178,3.5999999999999943,6.31349090909091,213.09169789356014,15650.2,26676.57,3.148939130434783,11.9,137434.52000000002,2.82869,7.54764
2012-04-01,7.897724969760445,3.4000000000000057,6.3072875,733.014872665333,15603.1,27726.2,3.836542105263158,9.3,132219.40000000002,3.90403,8.63579
2012-05-01,7.47923906611585,3.0,6.326495454545454,748.2710713328489,16714.8,33332.61,2.9646227272727272,9.6,136639.45999999996,4.01851,9.35782
2012-06-01,7.7233890235787195,2.200000000000003,6.36365,1284.6196749166838,16584.9,41785.85,3.12093,9.5,144170.22999999998,3.71055,8.8554
2012-07-01,7.247387514792458,1.7999999999999972,6.371090909090909,1020.7260752433565,16314.9,33601.72,3.4855636363636364,9.2,146148.71000000008,3.41868,8.42955
2012-08-01,7.239368178719707,2.0,6.3595565217391306,1078.2572649906447,16658.9,33646.29,3.4945478260869565,8.9,144042.25,2.2856,7.11823
2012-09-01,8.006242732170499,1.9000000000000057,6.321305,1105.623877217809,18226.6,38974.93,3.479638095238095,9.2,156282.51,2.29516,2.98329
2012-10-01,7.832727073232348,1.7000000000000028,6.259172222222222,1253.377399166087,18933.8,35609.0,3.2095333333333333,9.6,119574.98999999999,1.943,1.96864
2012-11-01,8.416448008640455,2.0,6.23359090909091,762.903038680075,18476.7,33694.18,3.211195454545454,10.1,119338.42000000004,2.32575,3.06827
2012-12-01,8.052449861660783,2.5,6.2339714285714285,1228.7683388675398,20334.2,38598.89,3.3001380952380948,10.3,122557.8600000001,2.02684,1.81084
2013-01-01,8.262694378425595,2.0,6.22076,1127.897703921569,18904.9,12837.96,3.0818954545454544,9.9,136230.36,1.44679,1.79709
2013-02-01,7.610852244874788,3.200000000000003,6.233186666666667,592.5404698917456,18904.9,12837.96,3.3924235294117646,9.9,131429.40999999992,1.59455,4.90027
2013-03-01,7.833938644410732,2.0999999999999943,6.21572380952381,-34.16477951877317,17641.2,32416.36,3.1635761904761908,8.9,140292.87,2.53473,4.9931
2013-04-01,7.386530318818352,2.4000000000000057,6.187366666666667,695.2851334121208,17600.3,33226.9,3.3776714285714284,9.3,142947.86,1.71456,6.16359
2013-05-01,7.758171893464483,2.0999999999999943,6.139931818181818,769.9956454514617,18886.3,39891.47,3.544181818181818,9.2,142120.39,1.55948,6.18074
2013-06-01,7.655739689493468,2.700000000000003,6.134694117647059,1020.8126206058967,18826.7,50106.95,6.808421052631578,8.9,129412.48999999999,1.76458,6.36156
2013-07-01,8.059415860775697,2.700000000000003,6.134186956521739,670.4583079014784,18513.2,40404.63,4.159391304347826,9.7,133139.94000000006,1.23642,7.32768
2013-08-01,7.738242221154534,2.5999999999999943,6.121745454545455,1068.7627913463566,18886.2,40855.85,4.085618181818182,10.4,136361.83999999997,2.25936,7.84088
2013-09-01,7.9041483811091995,3.0999999999999943,6.120294736842105,569.6053434022795,20653.3,46629.49,3.748580952380953,10.2,133690.40999999992,2.85477,9.00348
2013-10-01,7.523225032346148,3.200000000000003,6.099061111111111,1157.1244708364973,21491.3,42461.68,4.268478947368421,10.3,133837.8899999999,2.41784,7.57225
2013-11-01,7.735785906071202,3.0,6.09322380952381,1254.939405013166,21011.9,39613.28,4.503142857142858,10.0,134424.66000000003,2.28197,7.03329
2013-12-01,7.839561760445024,2.5,6.074363636363636,946.0933547745074,23059.7,45245.17,5.163886363636364,9.7,132376.17999999993,2.24534,7.66965
2014-01-01,7.492955396029233,2.5,6.050942857142857,1166.8597746083144,21140.35,15141.515,4.700286363636364,8.6,131391.95999999996,1.85663,8.22346
2014-02-01,7.5301950580821675,2.0,6.08636875,-851.5942311320706,21140.35,15141.515,4.199941176470588,8.6,133160.00000000012,2.14861,6.38602
2014-03-01,7.775591743248511,2.4000000000000057,6.173085714285714,293.63441903502434,19800.6,38038.69,3.206666666666667,8.8,124829.0099999999,2.72411,2.91475
2014-04-01,7.474585596936811,1.7999999999999972,6.225599999999999,715.2715417163902,19701.2,38756.12,3.5252380952380955,8.7,136260.7699999999,2.91232,-0.35811
2014-05-01,7.701639716375741,2.5,6.23663,1397.1956191514012,21249.8,46638.65,3.249490476190476,8.8,140124.79999999993,3.22603,-1.75382
2014-06-01,7.923544576449704,2.299999999999997,6.23058,1225.3319246973188,21166.4,59053.96,3.2905,9.2,155183.51,3.36584,-1.7642
2014-07-01,7.16141823196359,2.299999999999997,6.199330434782609,1817.828492989901,20775.8,46722.46,3.8356521739130436,9.0,142036.8999999999,3.91779,-2.03755
2014-08-01,7.628428012716659,2.0,6.154609523809524,1887.7298638615334,21133.9,46293.57,3.528095238095238,6.9,136242.65000000014,3.1253,-0.4371
2014-09-01,7.112077848681642,1.5999999999999943,6.139004761904762,1166.1484475015804,23042.4,52000.7,3.2934454545454543,8.0,124672.25,2.89843,1.65834
2014-10-01,7.972613505521942,1.5999999999999943,6.121883333333333,1701.682120629864,23967.2,48373.42,3.088421052631579,7.7,128994.14000000013,2.99195,4.39549
2014-11-01,7.00562213222522,1.4000000000000057,6.126285,2044.5729846442,23474.7,44906.97,3.2700000000000005,7.2,129348.8899999999,3.38611,5.39278
2014-12-01,7.225350038321232,1.5,6.190665217391304,1901.3953530235624,25801.3,50937.32,4.204673913043478,7.9,121849.83000000007,3.17049,5.72391
2015-01-01,7.018512066783367,0.7999999999999972,6.2194400000000005,2322.1193923363357,23996.25,17238.705,3.98,6.8,119189.01000000001,2.72624,5.48214
2015-02-01,6.9472108361317675,1.4000000000000057,6.25144,2369.0207988775496,23996.25,17238.705,4.64,6.8,125619.6499999999,1.30474,7.17016
2015-03-01,7.3329885347231505,1.4000000000000057,6.239640909090909,119.96134818946261,22722.8,43033.84,4.474227272727273,5.6,114645.40000000014,-0.00275,11.35009
2015-04-01,7.281182423172594,1.5,6.2025523809523815,1313.2100120832818,22386.7,42467.25,2.9252380952380954,5.9,111966.46999999997,-0.64446,13.23241
2015-05-01,6.877326191957889,1.2000000000000028,6.203945,2289.6300261976335,24194.8,51266.9,2.13579,6.1,125063.66999999993,-1.46049,12.37542
2015-06-01,7.142006934552403,1.4000000000000057,6.205614285714286,1792.1919899882034,24280.3,65886.46,2.4185809523809523,6.8,123788.16000000015,-2.10639,13.053
2015-07-01,8.169370862619552,1.5999999999999943,6.208647826086957,1658.4958377611813,24338.8,51336.64,2.5708695652173916,6.0,158961.67999999993,-1.69031,14.18926
2015-08-01,7.445093602446695,2.0,6.338952380952381,2420.571502196869,24893.4,50508.86,2.4509523809523808,6.1,159408.8999999999,-1.68543,11.76786
2015-09-01,5.419537918072881,1.5999999999999943,6.369925,2448.4287336691386,25270.6,55553.68,2.3914285714285715,5.7,157772.65000000014,-2.24074,9.07665
2015-10-01,6.691759021732824,1.2999999999999972,6.3479705882352935,2484.0270794288417,28278.9,52893.84,2.376111111111111,5.6,161784.3899999999,-2.72507,6.41342
2015-11-01,8.700171689453718,1.5,6.37142380952381,2181.7729066509337,27937.3,49757.27,2.32047619047619,6.2,165350.06000000006,-4.03307,5.76148
2015-12-01,5.3272646202893625,1.5999999999999943,6.45431304347826,2474.043109887118,28634.6,54407.85,2.3995652173913045,5.9,163903.30000000005,-4.49614,3.96099
2016-01-01,6.763310496482977,1.7999999999999972,6.57364,2734.7981155347507,26455.15,19004.0,2.41,5.4,173609.33000000007,-3.23626,1.84986
2016-02-01,6.820463317151271,2.299999999999997,6.5408875,1394.4110641765878,26455.15,19004.0,2.3577777777777778,5.4,167238.19999999995,-3.11933,1.26289
2016-03-01,6.815612804711613,2.299999999999997,6.507904347826087,1264.5249404351207,25114.1,47835.0,2.3434782608695652,6.8,170865.25,-3.51531,-1.26219
2016-04-01,6.675454447280282,2.299999999999997,6.478960000000001,1912.3679786900284,24645.8,46749.0,2.432665,6.0,164430.4500000002,-2.6579,-2.51996
2016-05-01,6.469249738358807,2.0,6.532171428571429,2132.5887147245953,26610.7,55079.0,2.4066666666666667,6.0,154337.4800000002,-2.44815,-2.0076
2016-06-01,6.954194090153143,1.9000000000000057,6.595205,2083.87987414855,26857.4,70689.0,2.393333333333333,6.2,157116.46999999997,-1.67812,-4.16505
2016-07-01,6.1394374419006414,1.7999999999999972,6.677966666666667,2239.901068954138,26827.4,53334.0,2.4285714285714284,6.0,138347.80000000005,-2.19674,-6.5802
2016-08-01,7.000723562791467,1.2999999999999972,6.649404347826088,2301.3371808918455,27539.6,54645.0,2.460434782608696,6.3,154074.92999999993,-2.16426,-6.84039
2016-09-01,6.958104114663244,1.9000000000000057,6.67281,1869.1138878627517,27976.4,60567.0,2.4985714285714287,6.1,156536.43999999994,-1.99395,-6.45192
2016-10-01,6.674237462891441,2.0999999999999943,6.74693125,2219.8077613558403,31119.2,57523.0,2.6394444444444445,6.1,158464.69999999995,-1.50238,-5.78504
2016-11-01,7.325895370648028,2.299999999999997,6.8413,2070.097555097251,30958.5,54119.0,2.674545454545455,6.2,156476.05000000005,-1.18628,-6.72381
2016-12-01,6.390068854482411,2.0999999999999943,6.923536363636364,1951.3728355612532,31757.0,57953.0,2.748181818181818,6.0,157788.55999999982,-0.0205,-5.40877
2017-01-01,6.927456281080291,2.5,6.895538888888889,2441.288441269175,28979.85,20689.0,2.5694736842105264,6.3,159626.04000000004,-0.80313,-4.66077
2017-02-01,6.654388588088045,0.7999999999999972,6.873188888888889,-432.1430398632975,28979.85,20689.0,2.907368421052632,6.3,158294.39000000013,-0.68646,-6.47372
2017-03-01,7.415539662701787,0.9000000000000057,6.896591304347826,1137.5357678781538,27863.7,52399.0,3.4086956521739133,7.6,153411.54000000004,0.71621,-6.15921
2017-04-01,6.6723647434525635,1.2000000000000028,6.8915,1806.2750821512893,27278.5,50550.0,3.305789473684211,6.5,151122.28000000003,1.3993,-5.20967
2017-05-01,7.089681471086839,1.5,6.88941,1936.24163842383,29459.2,59391.0,3.3390476190476193,6.5,139665.30999999982,1.75008,-5.20139
2017-06-01,7.236626976753646,1.5,6.807227272727272,1981.0829808563417,29807.6,76887.0,3.3713636363636366,7.6,140790.69999999995,1.48033,-3.38589
2017-07-01,7.076297790557384,1.4000000000000057,6.772542857142857,2143.144704833079,29609.8,56804.0,3.247142857142857,6.4,137437.90999999992,1.1188,-2.32748
2017-08-01,6.581530015213666,1.7999999999999972,6.671343478260869,1865.6935194146251,30329.7,56741.0,3.540434782608696,6.0,134173.69000000018,0.8523,-1.00782
2017-09-01,7.045828803727039,1.5999999999999943,6.567699999999999,1233.887716272863,30870.3,64328.0,3.3763636363636365,6.6,139301.57000000007,1.06303,-0.0205
2017-10-01,5.856746153954351,1.9000000000000057,6.619494117647058,1673.1809369311482,34240.9,59340.0,3.2252941176470586,6.2,133948.76,2.292,0.44152
2017-11-01,7.135141366577624,1.7000000000000028,6.621936363636364,1763.3887141826172,34108.2,57239.0,3.2972727272727274,6.1,139581.33999999985,2.96627,-0.22463
2017-12-01,7.407518613820185,1.7999999999999972,6.5908476190476195,2375.463141602073,34734.1,56627.0,3.3676190476190477,6.2,126701.87000000011,2.46714,-0.93108
2018-01-01,6.653819818350826,1.5,6.429304545454546,841.1504720581856,30540.9,22313.0,3.1018181818181816,7.2,144868.86999999988,2.73529,-0.43342
2018-02-01,7.441625591211221,2.9000000000000057,6.31302,1345.143703213711,30540.9,22313.0,2.9382352941176473,7.2,146157.05000000005,3.3995,2.95195
2018-03-01,6.60447221811471,2.0999999999999943,6.319440909090909,-198.98886077025037,29193.6,56137.0,3.068636363636364,6.0,140249.90999999992,3.22481,2.82766
2018-04-01,7.600288825267021,1.7999999999999972,6.296655555555556,1125.2909549089416,28541.9,53595.0,3.0985,7.0,141351.85999999987,3.30976,3.97627
2018-05-01,6.286447051309296,1.7999999999999972,6.3744772727272725,1012.6612376776872,30359.1,61685.0,2.9740909090909096,6.8,141703.3700000001,2.25842,5.44482
2018-06-01,6.815183277644432,1.9000000000000057,6.465385,1733.495896630391,30841.6,81273.0,3.022,6.0,138895.84000000008,2.84104,4.44607
2018-07-01,6.3638598651976075,2.0999999999999943,6.715863636363636,1265.1342239215908,30733.7,58482.0,2.675909090909091,6.0,147199.4800000002,3.25432,1.33779
2018-08-01,7.124780560109323,2.299999999999997,6.848626086956522,1307.95600037256,31542.3,59360.0,2.5473913043478262,6.1,143513.82999999984,4.35359,-0.17661
2018-09-01,6.607742856749477,2.5,6.854642105263158,1489.553925239298,32005.4,68284.0,2.659047619047619,5.8,146003.51,4.31383,-0.94301
2018-10-01,8.093334852670498,2.5,6.936283333333333,1636.5786927531287,35534.4,64125.0,2.6333333333333333,5.9,142127.44000000018,2.93087,-1.58454
2018-11-01,5.928533862845375,2.200000000000003,6.938999999999999,2015.5954707809994,35259.7,61700.0,2.6563636363636363,5.4,143161.67000000016,2.76666,-1.535
2018-12-01,5.501029441433114,1.9000000000000057,6.88552,2705.046964810342,35893.5,26369.0,2.8142857142857145,5.7,149975.67999999993,2.59125,-0.80703
2019-01-01,6.429406228182066,1.7000000000000028,6.786668181818182,1832.8664742120513,33032.0,22424.5,2.583181818181818,5.3,145120.8700000001,1.91164,-0.87062
2019-02-01,6.124923541104743,1.5,6.737186666666667,185.23530114474687,33032.0,22424.5,2.546470588235294,5.3,138357.32999999984,1.10964,-1.25569
2019-03-01,6.645574193876835,2.299999999999997,6.711704761904762,1471.729910075366,31725.7,57022.0,2.7285714285714286,8.5,149552.65999999992,0.65456,0.1104
2019-04-01,5.49232492789804,2.5,6.716447619047619,624.0609896809239,30586.1,53876.0,2.7277272727272726,5.4,146986.6000000001,-1.02475,-0.44048
2019-05-01,5.973674720835587,2.700000000000003,6.872275,1967.430842399186,32955.7,61808.0,2.607142857142857,5.0,148089.90999999992,-0.01016,-2.50721
2019-06-01,6.829388828196814,2.700000000000003,6.9015,2428.022677896,33878.1,81545.0,2.5073684210526315,6.3,151181.81999999983,-0.73693,-3.28526
2019-07-01,5.0215543248171235,2.799999999999997,6.877526086956522,2110.2111871698276,33073.3,49792.0,2.5965217391304347,4.8,143214.70999999996,-1.37745,0.23721
2019-08-01,6.841995141974433,2.799999999999997,7.063445454545455,1737.547905592915,33896.3,51736.0,2.7445454545454546,4.4,146822.0,-1.33967,0.02081
2019-09-01,6.120912789452082,3.0,7.11965,2009.7339704248798,34494.9,60576.0,2.6671428571428573,5.8,150584.90999999992,-1.73746,-0.40356
2019-10-01,8.08502598115508,3.799999999999997,7.082527777777778,2157.8775076837487,38104.3,49676.0,2.7705263157894735,4.7,150038.94999999995,-2.45948,0.71673
2019-11-01,3.5664830100332834,4.5,7.018919047619048,1853.259218891055,38093.8,22838.0,2.645238095238095,6.2,148254.49,-2.0476,2.20328
2019-12-01,6.07753783791336,4.5,7.015963636363637,2323.853036705336,38776.7,17760.0,2.5354545454545456,6.9,159744.6000000001,-2.29918,0.94748
2020-01-01,-9.317444220627614,5.400000000000006,6.916131249999999,2615.9797405426198,26064.9,16661.5,2.551764705882353,-13.5,157131.15999999992,-2.29038,2.18546
2020-02-01,-6.4292228823606745,5.200000000000003,6.9985550000000005,-3042.574462336025,26064.9,16661.5,2.3244999999999996,-13.5,163402.96999999997,-1.42322,1.53199
2020-03-01,-4.713872844669009,4.299999999999997,7.0201363636363645,982.3443762052008,26449.9,50822.0,1.9672727272727273,-1.1,191511.27000000002,-5.31505,1.48371
2020-04-01,1.6484616397788088,3.299999999999997,7.0732857142857135,2268.072132291367,28177.8,52679.0,1.5336363636363637,3.9,208863.5,-17.31828,1.43791
2020-05-01,4.0447161565737355,2.4000000000000057,7.1128944444444455,3183.6319430159874,31972.8,62370.0,1.5757894736842106,4.4,209030.04000000027,-16.04774,1.16338
2020-06-01,3.900043585999202,2.5,7.086345,2331.0901872933996,33525.9,82409.0,2.0490476190476192,4.8,213588.4700000002,-10.58606,0.85957
2020-07-01,4.550028754393476,2.700000000000003,7.0116956521739136,3064.3352221375603,32202.5,47611.0,2.1843478260869564,4.8,206047.6399999999,-6.78354,1.00833
2020-08-01,4.199046760528402,2.4000000000000057,6.929552380952381,2829.5016736063785,33570.6,49620.0,2.310476190476191,5.6,201344.4800000002,-6.51224,2.39309
2020-09-01,5.954781523992536,1.7000000000000028,6.811259090909091,1716.5038716787906,35294.7,57696.0,2.2597565217391304,6.9,211834.30999999982,-6.1831,4.03117
2020-10-01,4.936369382782924,0.5,6.70389375,2626.56264973019,38576.5,46762.0,2.4571058823529413,6.9,204119.86999999988,-4.62268,3.95008
2020-11-01,7.535821476622551,-0.5,6.604847619047619,3289.2956609937537,39514.2,16268.0,2.5542857142857143,7.0,210572.98999999976,-4.76332,2.87777
2020-12-01,7.082034920098357,0.20000000000000284,6.541256521739131,3344.902239634454,40566.0,19347.0,2.21,7.3,200307.07000000007,-3.2815,3.27484
2021-01-01,21.50198651622248,-0.29999999999999716,6.47067,2737.37501595313,34868.4,22618.0,2.336685,35.1,189980.84000000008,-2.12958,2.20867
2021-02-01,17.53210920040571,-0.20000000000000284,6.4593066666666665,1580.4471934877556,34868.4,22618.0,2.336664705882353,35.1,205199.83999999985,-5.68058,2.39645
2021-03-01,17.81900682194908,0.4000000000000057,6.508895652173913,584.5605883218573,35484.1,50758.0,2.1808521739130433,14.1,195565.04000000027,1.00382,1.9757
2021-04-01,8.941771273635224,0.9000000000000057,6.519390476190477,1821.6638559846563,33152.6,47810.0,2.1296590909090907,9.8,168573.29000000004,16.55214,1.06067
2021-05-01,7.923928518939372,1.2999999999999972,6.423027777777778,1878.7483071545169,35945.1,50113.0,2.1657105263157894,8.8,175354.3299999996,15.67338,2.65308
2021-06-01,7.462648127430049,1.0999999999999943,6.425080952380953,2127.1026139449496,37585.8,61983.0,2.377352380952381,8.3,182839.69999999972,8.9584,4.3947
2021-07-01,7.906406110709785,1.0,6.474004545454545,2371.8416654198963,34925.1,46633.0,2.231659090909091,6.4,176695.35999999987,5.49989,4.29867
2021-08-01,3.937352858491905,0.7999999999999972,6.476727272727273,2446.8266163213225,34394.9,44380.0,2.201818181818182,5.3,175430.77000000002,4.26117,4.06463
2021-09-01,4.730718829046476,0.7000000000000028,6.456570000000001,2783.043891968725,36833.0,50914.0,2.2355772727272725,3.1,178744.90000000037,3.0125,2.307
2021-10-01,3.2917894048400287,1.5,6.4140999999999995,3478.0329865974,40453.9,47996.0,2.236676470588235,3.5,186440.06000000006,3.56287,3.165
2021-11-01,5.899019421928364,2.299999999999997,6.388963636363636,2927.120188627368,41043.2,48259.0,2.24745,3.8,184010.20999999996,3.89755,3.82524
2021-12-01,4.316110099940862,1.5,6.368860869565218,3831.5232437695327,41268.9,50465.0,2.2944173913043477,4.3,196103.66999999993,2.24637,4.47496
2022-01-01,6.438590215697526,0.9000000000000057,6.354884210526316,3447.710086820179,37213.0,25381.5,2.2000380952380953,7.5,217975.39000000013,1.31813,2.73785
2022-02-01,6.0210202763222975,0.9000000000000057,6.340425,1229.507053100235,37213.0,25381.5,2.1885,7.5,205458.64000000013,5.42959,1.96475
2022-03-01,2.045412798685331,1.5,6.344352173913043,1907.0831175243736,34233.1,54109.0,2.259265217391304,5.0,221199.88999999966,3.05441,3.07081
2022-04-01,-1.4412758109783042,2.0999999999999943,6.434473684210526,2116.4933254238226,29483.1,48672.0,1.9252380952380952,-2.9,237603.7799999998,2.92344,3.20745
2022-05-01,-0.26905080991302954,2.0999999999999943,6.713573684210527,3549.425639549273,33547.0,52420.0,1.7089100000000002,0.7,251488.08000000007,1.91103,-0.45204
2022-06-01,4.035695428212338,2.5,6.696066666666667,4391.366024307289,38742.5,65466.0,1.863680952380952,3.9,263662.8400000003,1.22176,-0.22622
2022-07-01,2.7110166929125157,2.700000000000003,6.734019047619047,4592.291959287409,35870.1,48382.0,1.6438238095238096,3.8,275924.75,0.96866,0.99619
2022-08-01,5.559280119713272,2.5,6.801265217391305,3672.3597873637927,36257.9,47294.0,1.5088565217391303,4.2,282800.58999999985,1.05214,-0.51753
2022-09-01,3.7407165191800873,2.799999999999997,7.026138095238095,4183.327085036588,37744.9,54306.0,1.6378714285714284,6.3,283771.21999999974,2.46202,-1.26904
2022-10-01,4.831585314812048,2.0999999999999943,7.2186375,4437.058134397992,40270.5,50047.0,1.7325000000000002,5.0,276754.08999999985,1.06482,-4.37584
2022-11-01,1.1743223981297346,1.5999999999999943,7.178445454545455,3598.8607274088795,38615.1,48584.0,1.890109090909091,2.2,290995.7200000002,0.08903,-7.76847
2022-12-01,3.026751891131685,1.7999999999999972,6.977713636363637,3798.188916981325,40542.3,52095.0,2.2134454545454543,1.3,281421.2799999998,-0.80161,-7.86687
2023-01-01,3.71135648271379,2.0999999999999943,6.788975,4611.967926681739,38533.5,26788.5,2.06935,2.4,307049.33999999985,0.31881,-6.60512
2023-02-01,3.8073094527778295,1.0,6.836409999999999,786.1546948955298,38533.5,26788.5,2.298535,2.4,313760.3300000001,-0.16348,-7.35808
2023-03-01,6.588138152233314,0.7000000000000028,6.897926086956522,4196.20228151536,37855.4,53705.0,2.37,3.9,316877.9700000002,-0.36512,-8.90977
2023-04-01,8.34920084716282,0.09999999999999432,6.888942105263158,4281.143179569313,34910.5,40200.0,2.241,5.6,308758.43999999994,-0.18435,-9.38985
2023-05-01,7.704763317764196,0.20000000000000284,6.998704999999999,3223.496975065015,37803.3,41333.0,1.9597380952380952,3.5,293478.53000000026,-0.39957,-7.13722
2023-06-01,3.6571473490399242,0.0,7.16204,3622.439973828192,39951.4,54298.0,2.1085714285714285,4.4,291572.6299999999,-0.88935,-9.33557
2023-07-01,5.215296820759319,-0.29999999999999716,7.188833333333333,4165.353570372222,36760.7,42785.0,1.9476190476190476,3.7,275952.9900000002,-0.31248,-11.76869
2023-08-01,4.4569957710371755,0.09999999999999432,7.253330434782609,3596.4744518003818,37932.7,41144.0,1.9369565217391302,4.5,274274.98,-0.25421,-10.00196
2023-09-01,5.334789082219493,0.0,7.29615,4136.7989727564745,39826.0,47993.0,2.005125,4.5,270058.18999999994,-0.26725,-8.80957
2023-10-01,4.426293432723805,-0.20000000000000284,7.309094117647058,3019.9940960698086,43333.0,44374.0,2.2789473684210524,4.6,269361.5,-0.7743,-6.95967
2023-11-01,6.2891748120307955,-0.5,7.226881818181818,3572.382943675339,42505.0,41405.0,2.373181818181818,6.6,265005.7400000002,-0.09044,-5.32618
2023-12-01,5.19954979593007,-0.29999999999999716,7.141138095238095,3842.0275872649463,43550.2,42222.0,2.4372238095238097,6.8,258392.49000000022,0.83866,-5.42898
2024-01-01,5.695570083040824,-0.7999999999999972,7.170518181818181,4393.936814237804,40653.45,25423.5,2.236818181818182,7.0,238178.14000000013,-1.27625,-6.57291
2024-02-01,5.745207353707804,0.7000000000000028,7.1931,2054.4157422426606,40653.45,25423.5,2.0030777777777775,7.0,240323.74000000022,-0.35433,-4.88377
2024-03-01,4.478010065503479,0.09999999999999432,7.202771428571428,3037.569096568938,39019.9,49195.0,2.097142857142857,4.5,233385.8500000001,-0.55731,-5.36525
2024-04-01,4.745945007741814,0.29999999999999716,7.2392650000000005,3791.6433925052797,35699.1,43359.0,1.9549999999999998,6.7,203472.64000000013,-0.99711,-3.76547
2024-05-01,4.997692106665141,0.29999999999999716,7.233375,4322.820001643437,39211.0,44605.0,1.8766666666666665,5.6,198002.0499999998,-0.065,-3.16785
2024-06-01,4.364299803477012,0.20000000000000284,7.255752631578947,5214.580976128349,40731.6,57385.0,1.9842105263157896,5.3,177137.70999999996,0.77347,-0.8481
2024-07-01,4.5202284535235115,0.5,7.262813043478261,4464.998326867532,37757.4,42220.0,1.8860869565217393,5.1,179029.21999999974,-0.92263,0.08768
2024-08-01,4.31840553296563,0.5999999999999943,7.152504545454545,4656.532718888062,38725.8,41774.0,1.8881818181818182,4.5,181118.02000000002,-0.405,-0.40353
2024-09-01,4.960161143032349,0.4000000000000057,7.077905263157895,4093.4549602653206,41112.3,49593.0,1.950952380952381,5.4,198139.13000000035,-1.20044,-0.87824
2024-10-01,5.589615281389926,0.29999999999999716,7.10585,4833.14025332851,45396.4,44244.0,1.904736842105263,5.3,214815.93999999994,-0.99474,-0.46481
2024-11-01,5.150449943171886,0.20000000000000284,7.2094047619047625,5064.657529671739,43763.0,42617.0,1.8338095238095238,5.4,207573.0499999998,-1.55794,-0.19625
2024-12-01,5.460974801526564,0.09999999999999432,7.282113636363636,5559.468402788044,45171.5,48535.0,1.9322727272727271,6.2,212608.96999999974,-0.27415,-0.64026
2025-01-01,5.441874752825782,0.5,7.310294444444444,7417.334740923562,41865.3,26309.5,2.1257894736842107,5.9,208996.97999999998,0.849,0.26178
2025-02-01,4.939056045116219,-0.7000000000000028,7.277422222222222,1679.8560650819877,41865.3,26309.5,2.0942105263157895,5.9,209600.27000000002,0.81199,-1.84371
2025-03-01,5.817744723456686,-0.09999999999999432,7.250790476190477,5396.3210562833065,40940.5,50555.0,1.9733333333333332,7.7,212602.40999999968,0.58025,-1.85347
2025-04-01,4.929265531095517,-0.09999999999999432,7.302504761904761,5128.957899223822,37174.1,43850.0,1.7745454545454544,6.1,239797.33999999985,0.88235,-4.79564
2025-05-01,5.549461338829564,-0.09999999999999432,7.208078947368421,5362.961491768281,41325.8,44923.0,1.6421052631578947,5.8,239331.3799999999,0.10162,-4.73158
2025-06-01,5.118273183788702,0.09999999999999432,7.181405,5918.018487307675,42287.4,56707.0,1.643895,6.8,252706.6299999999,0.57932,-5.42823
2025-07-01,4.517883644227427,0.0,7.172660869565218,5054.3978137807235,38780.2,39575.0,1.5575478260869564,5.7,266368.28000000026,1.91877,-5.25624
2025-08-01,5.226527266043668,-0.4000000000000057,7.175004761904761,5267.957829373786,39667.6,37882.0,1.5090476190476192,5.2,269370.1699999999,1.18868,-4.89488
2025-09-01,4.653304070655362,-0.29999999999999716,7.124745454545454,4591.293104912016,41971.0,45424.0,1.5491304347826087,6.5,258972.78999999957,1.86317,-4.4848
2025-10-01,5.48641755808279,0.20000000000000284,7.120094117647059,4566.379716076286,46291.3,37379.0,1.5105555555555557,4.9,254220.30000000028,1.74727,-4.45265
2025-11-01,3.8261783618251277,0.7000000000000028,7.108015,5642.301836913874,43898.0,35121.0,1.5115,4.8,250303.25,2.08274,-3.14617
2025-12-01,4.178305373860325,0.7999999999999972,7.042439130434783,5659.254960184817,45135.9,41151.0,1.5834782608695652,5.2,267625.76000000024,1.34639,-2.43556
2026-01-01,,,,,,,,6.3,286613.20999999996,2.33009,-2.21932
2026-02-01,,,,,,,,6.3,286986.6699999999,1.43591,-1.46336
