date,realgdp_monthly_yoy,cpi,CNYUSDSpot,trade balance,current consumption,FR007,omo7d,CNYUSDCPR,IP_yoy,target_gdp,target_cpi
2000-01-01,,-0.20000000000000284,8.279219047619048,105.48352403689448,2962.9,2.552,2.57,8.279242857142856,10.4,7.0,2.0
2000-02-01,,0.7000000000000028,8.27786875,92.2849387814505,2804.9,2.5133333333333336,2.5399999999999996,8.277766666666666,12.0,7.0,2.0
2000-03-01,,-0.20000000000000284,8.278560869565217,159.884504122571,2626.6,2.4610869565217395,2.49,8.278521739130435,11.9,7.0,2.0
2000-04-01,,-0.29999999999999716,8.279285,146.6620143742967,2571.5,2.4250000000000003,2.48,8.279315,11.4,7.0,2.0
2000-05-01,,0.09999999999999432,8.277527777777777,215.05899120627353,2636.9,2.394722222222222,2.48,8.277616666666667,11.5,7.0,2.0
2000-06-01,,0.5,8.2772,129.59518217606913,2645.2,2.3740909090909095,2.48,8.277213636363635,12.2,7.0,2.0
2000-07-01,,0.5,8.279338095238096,136.19560473440703,2596.9,2.3592857142857144,2.48,8.279304761904763,12.8,7.0,2.0
2000-08-01,,0.29999999999999716,8.279569565217392,174.21928793890393,2636.3,2.3293478260869565,2.48,8.279582608695653,12.8,7.0,2.0
2000-09-01,,0.0,8.278580952380953,154.76935497227342,2854.3,2.3104545454545455,2.48,8.278523809523811,12.0,7.0,2.0
2000-10-01,,0.0,8.278335294117646,266.14450141263455,3029.3,2.3058333333333336,2.4,8.278341176470589,11.4,7.0,2.0
2000-11-01,,1.2999999999999972,8.2774,35.216890290639995,3107.8,2.310227272727273,2.4,8.277413636363637,10.6,7.0,2.0
2000-12-01,,1.5,8.277138095238096,39.181380994731256,3680.0,2.461190476190476,2.425,8.277186363636364,10.4,7.0,2.0
2001-01-01,10.603314056718215,1.2000000000000028,8.277264705882354,94.64839639003954,3332.8,2.4865789473684208,2.5,8.277258823529412,10.2,7.0,1.5
2001-02-01,8.804127867258305,0.0,8.277035,66.66003662982065,3047.1,2.5224,2.5,8.277117647058823,19.0,7.0,1.5
2001-03-01,9.102467599358777,0.7999999999999972,8.277531818181817,162.14516594363678,2876.1,2.4966363636363638,2.5,8.277544444444445,12.1,7.0,1.5
2001-04-01,8.32689227216572,1.5999999999999943,8.277104761904761,63.91347966663614,2820.9,2.4213478260869565,2.5,8.27712,11.5,7.0,1.5
2001-05-01,8.910538197107808,1.7000000000000028,8.277183333333333,137.3483421400315,2929.6,2.385022222222222,2.5,8.277125,10.2,7.0,1.5
2001-06-01,8.556918655039292,1.4000000000000057,8.277038095238096,56.82817126630566,2908.7,2.3544285714285715,2.5,8.277042857142858,10.1,7.0,1.5
2001-07-01,8.131211023750296,1.5,8.276890909090909,132.36852879899527,2851.4,2.304459090909091,2.5,8.276900000000001,8.1,7.0,1.5
2001-08-01,6.788450842168614,1.0,8.27696956521739,94.44461713931909,2889.4,2.2988695652173914,2.5,8.27694347826087,8.1,7.0,1.5
2001-09-01,9.077418014995487,-0.09999999999999432,8.276819999999999,146.51797295113238,3136.9,2.2601363636363634,2.5,8.276833333333332,9.5,7.0,1.5
2001-10-01,6.63232105025775,0.20000000000000284,8.276805555555555,266.39854212581656,3347.3,2.1840555555555556,2.5,8.276816666666667,8.8,7.0,1.5
2001-11-01,8.303416913015283,-0.29999999999999716,8.276877272727273,216.15479783905863,3421.7,2.140090909090909,2.5,8.276881818181817,7.9,7.0,1.5
2001-12-01,7.563498126219903,-0.29999999999999716,8.276838095238096,144.71724704846224,4033.3,2.140217391304348,2.3833333333333333,8.27682,8.7,7.0,1.5
2002-01-01,8.881624154428014,-1.0,8.27667,187.2107953560113,3596.1,2.13739,2.15,8.276683333333333,10.9,7.0,1.5
2002-02-01,9.128731164593518,0.0,8.276646666666666,220.49104203490134,3324.4,2.0793529411764706,2.09,8.276653846153845,2.7,7.0,1.5
2002-03-01,8.990782196041325,-0.7999999999999972,8.27707619047619,91.36636172446276,3114.8,1.9580000000000002,1.97,8.27707619047619,10.9,7.0,1.5
2002-04-01,7.513540687785913,-1.2999999999999972,8.277204545454545,66.59220008620215,3052.2,1.9534375,1.97,8.277172727272726,12.1,7.0,1.5
2002-05-01,10.326521461589412,-1.0999999999999943,8.276894444444444,151.47373190465,3202.1,1.9527833333333335,1.97,8.276944444444444,12.9,7.0,1.5
2002-06-01,8.824747341034378,-0.7999999999999972,8.27705,199.9533623830505,3158.8,1.9523499999999998,1.97,8.277050000000001,12.4,7.0,1.5
2002-07-01,10.453027675876081,-0.9000000000000057,8.276795652173913,152.24121215003487,3096.6,1.9503913043478263,1.97,8.2768,12.8,7.0,1.5
2002-08-01,9.757418087259095,-0.7000000000000028,8.27671818181818,152.9359391067923,3143.7,1.9658181818181817,1.97,8.276704545454544,12.7,7.0,1.5
2002-09-01,8.901599907508938,-0.7000000000000028,8.276985714285715,145.00617139204937,3422.4,2.175391304347826,1.97,8.276961904761905,13.8,7.0,1.5
2002-10-01,8.863720882231174,-0.7999999999999972,8.276966666666667,325.36855780014787,3661.9,2.2460222222222224,1.97,8.276947368421053,14.2,7.0,1.5
2002-11-01,10.012524349152274,-0.7000000000000028,8.277071428571428,169.53407875447687,3733.1,2.231157142857143,1.97,8.277138095238096,14.5,7.0,1.5
2002-12-01,8.741199082696705,-0.4000000000000057,8.277240909090908,216.28827609823614,4404.4,2.3019772727272727,1.97,8.277245454545456,14.9,7.0,1.5
2003-01-01,11.639489718503615,0.4000000000000057,8.276827272727273,-84.95967799359302,3907.4,2.2806363636363636,2.3,8.276872222222224,17.5,7.0,1.0
2003-02-01,10.844761801113489,0.20000000000000284,8.277446666666666,46.3119662031105,3706.4,2.249564705882353,2.3,8.277373333333333,19.8,7.0,1.0
2003-03-01,11.113293670064861,0.9000000000000057,8.277238095238095,-31.36832064366519,3494.8,2.0577959999999997,2.3,8.27722380952381,16.9,7.0,1.0
2003-04-01,10.760171066908853,1.0,8.277136363636364,69.5979816921719,3406.9,1.9618454545454547,2.3,8.277145454545455,14.9,7.0,1.0
2003-05-01,6.738360833238599,0.7000000000000028,8.276888235294118,153.32387543798205,3463.3,2.0255315789473687,2.3,8.276894736842104,13.7,7.0,1.0
2003-06-01,10.202883587556899,0.29999999999999716,8.27708095238095,146.58983016555032,3576.9,2.161090476190476,2.3,8.277038095238094,16.9,7.0,1.0
2003-07-01,9.054577103512273,0.5,8.277247826086956,109.34250544860883,3562.1,2.207808695652174,2.3,8.277239130434783,16.5,7.0,1.0
2003-08-01,10.815513028590651,0.9000000000000057,8.277014285714285,191.39137310008007,3609.6,2.212847619047619,2.24,8.27702380952381,17.1,7.0,1.0
2003-09-01,10.441412393623839,1.0999999999999943,8.277140909090908,19.7559867534462,3971.8,2.9184708333333336,2.76685,8.277145833333334,16.3,7.0,1.0
2003-10-01,12.047769000911801,1.7999999999999972,8.276716666666665,392.7613299589996,4204.4,3.0864611111111113,2.76685,8.276733333333333,17.2,7.0,1.0
2003-11-01,9.756850753010982,3.0,8.276925,333.5411710404273,4202.7,2.69975,3.7561,8.276900000000001,17.9,7.0,1.0
2003-12-01,8.592353719942846,3.200000000000003,8.276982608695652,392.23500880383284,4735.7,2.1447,3.7561,8.276995652173913,18.1,7.0,1.0
2004-01-01,10.85226705049398,3.200000000000003,8.27694375,-1.672001314099247,4569.4,2.501761111111111,3.7561,8.276926666666666,16.6,7.0,3.0
2004-02-01,10.25134141101509,2.0999999999999943,8.277125,-539.3174150117895,4211.4,2.217895,3.7561,8.277121052631578,23.2,7.0,3.0
2004-03-01,10.69209172578265,3.0,8.277013043478261,-36.98989761379663,4049.8,1.9171347826086955,3.7561,8.277121739130436,19.4,7.0,3.0
2004-04-01,12.21580875230044,3.799999999999997,8.276918181818182,-154.1463883403741,4001.8,2.117609090909091,3.7561,8.276914285714286,19.1,7.0,3.0
2004-05-01,11.623314661653495,4.400000000000006,8.27704375,144.06599436739398,4166.1,2.1807833333333333,3.7561,8.277063157894737,17.5,7.0,3.0
2004-06-01,10.97433442253517,5.0,8.276663636363637,126.29797628254273,4250.7,2.4169636363636364,3.7561,8.27666818181818,16.2,7.0,3.0
2004-07-01,10.54490440444913,5.299999999999997,8.276736363636363,139.17511169976422,4209.2,2.342322727272727,3.7561,8.276717391304349,15.5,7.0,3.0
2004-08-01,8.688867586172154,5.299999999999997,8.2768,307.5617887194675,4262.7,2.2827363636363636,3.7561,8.276813636363636,15.9,7.0,3.0
2004-09-01,10.16130904627044,5.200000000000003,8.27665,341.9752154976228,4717.7,2.143731818181818,3.7561,8.27665238095238,16.1,7.0,3.0
2004-10-01,6.978520474710592,4.299999999999997,8.27651875,485.6912997020288,4983.2,2.1443222222222222,3.7561,8.27655,15.7,7.0,3.0
2004-11-01,9.777029932588555,2.799999999999997,8.276499999999999,677.8640353574598,4965.6,2.092409090909091,3.7561,8.276499999999999,14.8,7.0,3.0
2004-12-01,9.620556127791735,2.4000000000000057,8.276499999999999,758.742039825869,5562.5,1.8736521739130436,3.7561,8.276499999999999,14.4,7.0,3.0
2005-01-01,10.389623988500096,1.9000000000000057,8.276499999999999,444.8441974264241,5300.9,1.844875,3.7561,8.2765,16.9,8.0,4.0
2005-02-01,11.873511587102769,3.9000000000000057,8.276499999999999,298.45249742701935,5012.2,2.0505176470588236,3.7561,8.2765,7.6,8.0,4.0
2005-03-01,11.350797739093622,2.700000000000003,8.276499999999999,392.7135722524156,4799.1,1.7142217391304349,3.7561,8.2765,15.1,8.0,4.0
2005-04-01,11.502238994257773,1.7999999999999972,8.276499999999999,314.49078231412085,4663.3,1.2939227272727274,3.7561,8.2765,16.0,8.0,4.0
2005-05-01,10.926617565788654,1.7999999999999972,8.276499999999999,615.7083689966638,4899.2,1.1495055555555556,3.7561,8.2765,16.6,8.0,4.0
2005-06-01,10.87506767241495,1.5999999999999943,8.276499999999999,662.9215522050015,4935.0,1.0952636363636363,3.7561,8.2765,16.8,8.0,4.0
2005-07-01,10.36169091839172,1.7999999999999972,8.220947619047617,712.7234841666872,4934.9,1.1947333333333334,3.7561,8.229000000000001,16.1,8.0,4.0
2005-08-01,11.652715384219704,1.2999999999999972,8.101678260869564,695.2891813163495,5040.8,1.2369217391304348,3.7561,8.10193043478261,16.0,8.0,4.0
2005-09-01,10.700280266327344,0.9000000000000057,8.077209090909092,493.3798791553548,5495.2,1.1981772727272728,3.7561,8.092222727272727,16.5,8.0,4.0
2005-10-01,11.87624363250701,1.2000000000000028,8.07211875,782.9511725551343,5846.6,1.1224611111111111,3.7561,8.088594444444444,16.1,8.0,4.0
2005-11-01,11.840042718640031,1.2999999999999972,8.078059090909091,687.1711865117035,5909.0,1.1855363636363636,3.7561,8.083931818181819,16.6,8.0,4.0
2005-12-01,13.445602718979565,1.5999999999999943,8.07320909090909,718.0090033478464,6850.4,1.5658608695652174,3.7561,8.075977272727274,16.5,8.0,4.0
2006-01-01,13.166601258790145,1.9000000000000057,8.063733333333333,617.2050194040481,6641.6,1.6871684210526314,3.7561,8.066572222222222,16.2,8.0,3.0
2006-02-01,11.953611662251884,0.9000000000000057,8.047641176470588,157.0265214650842,6001.9,1.39835,3.7561,8.049235294117647,20.1,8.0,3.0
2006-03-01,12.07768106736349,0.7999999999999972,8.03288695652174,721.976620443168,5796.7,1.485682608695652,3.7561,8.034917391304349,17.8,8.0,3.0
2006-04-01,13.634250723702678,1.2000000000000028,8.01275,671.3714995751264,5774.6,1.7029863636363636,3.7561,8.01564761904762,16.6,8.0,3.0
2006-05-01,13.759791068414629,1.4000000000000057,8.012544444444444,834.8777879696041,6175.6,1.6891388888888887,3.7561,8.015227777777778,17.9,8.0,3.0
2006-06-01,13.406373626363589,1.5,8.004977272727272,929.3421350156208,6057.8,1.971840909090909,3.7561,8.006545454545455,19.5,8.0,3.0
2006-07-01,11.527541766824134,1.0,7.988080952380952,933.1261758945311,6012.2,2.294323809523809,3.7561,7.991247619047618,16.7,8.0,3.0
2006-08-01,12.689305693956587,1.2999999999999972,7.972308695652174,1194.6372508265624,6077.4,2.4528652173913046,3.7561,7.973530434782608,15.7,8.0,3.0
2006-09-01,12.383580215695122,1.5,7.9321190476190475,961.8361827552571,6553.6,2.1776863636363637,3.7561,7.936657142857142,16.1,8.0,3.0
2006-10-01,13.536262993889348,1.4000000000000057,7.899723529411765,1487.117095552162,6997.7,2.3546555555555555,3.7561,7.903241176470589,14.7,8.0,3.0
2006-11-01,13.031406302191929,1.9000000000000057,7.8621409090909085,1417.2549741339992,6821.7,3.1672727272727275,3.7561,7.865009090909091,14.9,8.0,3.0
2006-12-01,11.016002151084914,2.799999999999997,7.821166666666666,1284.418753686898,7499.2,2.131682608695652,3.7561,7.823776190476191,14.7,8.0,3.0
2007-01-01,12.460752803746944,2.200000000000003,7.785465,962.5740747911748,7488.3,1.67089,3.7561,7.7898000000000005,18.5,8.0,3.0
2007-02-01,14.63772475195273,2.700000000000003,7.751293333333334,1427.3349575014734,7013.7,2.7104470588235294,3.7561,7.754626666666667,12.6,8.0,3.0
2007-03-01,13.7197014241891,3.299999999999997,7.737772727272727,411.4145982737806,6685.8,1.6892772727272727,3.7561,7.738981818181818,17.6,8.0,3.0
2007-04-01,15.287971139726885,3.0,7.7243619047619045,1005.1144126758153,6672.5,2.924169565217391,3.7561,7.724747619047618,17.4,8.0,3.0
2007-05-01,14.707357784232734,3.4000000000000057,7.666077777777777,1320.7817827999113,7157.5,2.4842555555555554,3.7561,7.670405555555556,18.1,8.0,3.0
2007-06-01,14.706147441357098,4.400000000000006,7.630514285714286,1566.8319933050507,7026.0,2.6985571428571427,3.7561,7.633019047619047,19.4,8.0,3.0
2007-07-01,14.465993721281588,5.599999999999994,7.574186363636364,1397.3147841692407,6998.2,2.6792363636363636,3.7561,7.5805181818181815,18.0,8.0,3.0
2007-08-01,14.31327535428515,6.5,7.5720217391304345,1431.9015219374505,7116.6,2.229365217391304,3.7561,7.575291304347827,17.5,8.0,3.0
2007-09-01,13.827704562215182,6.200000000000003,7.521305,1346.6972265708753,7668.4,4.2364227272727275,3.7561,7.52581,18.9,8.0,3.0
2007-10-01,14.985386852699833,6.5,7.5006055555555555,1521.845120044742,8263.0,3.673194444444444,3.7561,7.501161111111111,17.9,8.0,3.0
2007-11-01,12.718299240337139,6.900000000000006,7.419527272727273,1446.7666482367358,8104.7,2.7734636363636365,3.7561,7.423313636363637,17.3,8.0,3.0
2007-12-01,14.019124987071585,6.5,7.370234999999999,1232.366368654009,9015.3,3.097809523809524,3.7561,7.36764,17.4,8.0,3.0
2008-01-01,12.189635259917209,7.099999999999994,7.240127272727273,1020.375017075981,9077.3,2.980759090909091,3.7561,7.247813636363636,15.4,8.0,4.8
2008-02-01,10.985401085470148,8.700000000000003,7.1577875,438.2889359813831,8354.7,3.035661111111111,3.7561,7.16014375,15.4,8.0,4.8
2008-03-01,11.626375612100247,8.299999999999997,7.072447619047619,670.5990870528321,8123.2,2.5156714285714283,3.7561,7.075209523809524,17.8,8.0,4.8
2008-04-01,11.649021883171917,8.5,6.9972095238095235,816.1005999270609,8142.0,3.0553523809523813,3.7561,7.000685714285714,15.7,8.0,4.8
2008-05-01,10.622431465493175,7.700000000000003,6.970454999999999,981.9690230781822,8703.5,3.3485571428571426,3.7561,6.97242,16.0,8.0,4.8
2008-06-01,10.727826074269897,7.099999999999994,6.896590000000001,998.8038571418142,8642.0,3.3920000000000003,3.7561,6.897095,16.0,8.0,4.8
2008-07-01,10.521851616481005,6.299999999999997,6.836317391304347,1181.3685620694268,8628.8,3.097256521739131,3.7561,6.837634782608696,14.7,8.0,4.8
2008-08-01,8.787232799028533,4.900000000000006,6.852309523809525,1347.3108055292803,8767.7,3.247457142857143,3.7561,6.8515,12.8,8.0,4.8
2008-09-01,9.197782422651613,4.599999999999994,6.834673684210526,1371.8050626690417,9446.5,3.1757761904761903,3.7561,6.830678947368422,11.4,8.0,4.8
2008-10-01,7.254950951725969,4.0,6.833505,1645.564173728076,10082.7,3.1415300000000004,3.7561,6.83155,8.2,8.0,4.8
2008-11-01,7.259330743024073,2.4000000000000057,6.82738,1868.711263739028,9790.8,2.648965,3.7561,6.828555,5.4,8.0,4.8
2008-12-01,6.795534957896532,1.2000000000000028,6.852595652173913,1830.4271488624943,10728.5,1.5241521739130435,3.7561,6.842421739130434,5.7,8.0,4.8
2009-01-01,6.555362899105632,1.0,6.83574,1827.4752931499813,10756.6,0.9538000000000001,3.7561,6.8381533333333335,3.8,8.0,4.0
2009-02-01,5.692456333288587,-1.5999999999999943,6.83572,226.20531524936317,9323.8,0.9528047619047619,3.7561,6.8356900000000005,11.0,8.0,4.0
2009-03-01,6.947310581058996,-1.2000000000000028,6.835999999999999,867.3924885957599,9317.6,0.953890909090909,3.7561,6.834104545454546,8.3,8.0,4.0
2009-04-01,7.095572849001641,-1.5,6.830442857142858,612.8143962435911,9343.2,0.9437952380952381,3.7561,6.831166666666666,7.3,8.0,4.0
2009-05-01,8.794420914083645,-1.4000000000000057,6.823316666666667,623.3384982210624,10028.4,0.9541999999999999,3.7561,6.824494444444444,8.9,8.0,4.0
2009-06-01,8.721082920555423,-1.7000000000000028,6.833581818181818,385.33484235142186,9941.6,1.0165090909090908,3.7561,6.8332454545454535,10.7,8.0,4.0
2009-07-01,9.630859442227901,-1.7999999999999972,6.83164347826087,496.1004700135567,9936.5,1.5156739130434784,3.7561,6.832026086956522,10.8,8.0,4.0
2009-08-01,11.444628476623976,-1.2000000000000028,6.8322,733.4092671047911,10115.6,1.474895238095238,3.7561,6.832214285714286,12.3,8.0,4.0
2009-09-01,10.734556702255759,-0.7999999999999972,6.82775,602.8719092831677,10912.8,1.5931652173913045,3.7561,6.82890909090909,13.9,8.0,4.0
2009-10-01,13.425917965976431,-0.5,6.826725,1117.9238741965257,11717.6,1.5243941176470588,3.7561,6.82754375,16.1,8.0,4.0
2009-11-01,11.307321995120322,0.5999999999999943,6.82752380952381,890.0216553598872,11339.0,1.4367904761904762,3.7561,6.827390476190476,19.2,8.0,4.0
2009-12-01,10.995601700142178,1.9000000000000057,6.827826086956521,859.1998552558578,12610.0,1.4805565217391303,3.7561,6.827917391304348,18.5,8.0,4.0
2010-01-01,11.136816077555544,1.5,6.82702,660.3567523420314,12718.1,1.473765,3.7561,6.827319999999999,20.7,8.0,3.0
2010-02-01,14.148996350182008,2.700000000000003,6.8277866666666664,354.8790835806322,12334.2,1.8439764705882353,3.7561,6.82704,12.8,8.0,3.0
2010-03-01,11.347607066533794,2.4000000000000057,6.826321739130435,-337.2018981674762,11321.7,1.6449478260869563,3.7561,6.826439130434783,18.1,8.0,3.0
2010-04-01,10.633918501269557,2.799999999999997,6.825790476190476,78.32967431416469,11510.4,1.6486380952380952,3.7561,6.826157142857142,17.8,8.0,3.0
2010-05-01,10.684989477458885,3.0999999999999943,6.828069999999999,910.674062814638,12455.1,1.8827950000000002,3.7561,6.827425000000001,16.5,8.0,3.0
2010-06-01,10.78079924855182,2.9000000000000057,6.8167526315789475,930.37775008322,12329.9,2.6867380952380953,3.7561,6.81707,13.7,8.0,3.0
2010-07-01,9.498704966538241,3.299999999999997,6.776654545454545,1319.386953522956,12252.8,2.041859090909091,3.7561,6.7774636363636365,13.4,8.0,3.0
2010-08-01,9.865656492048203,3.5,6.787854545454545,923.1616793484552,12569.8,1.8327136363636363,3.7561,6.790122727272728,13.9,8.0,3.0
2010-09-01,10.330420999454049,3.5999999999999943,6.748994736842104,768.6373276102717,13536.5,2.403390909090909,3.7561,6.746215789473684,13.3,8.0,3.0
2010-10-01,8.509924919053624,4.400000000000006,6.66106875,1204.4510799823788,14284.8,2.002611764705882,3.7561,6.673175,13.1,8.0,3.0
2010-11-01,11.264496701616423,5.099999999999994,6.6536181818181825,1013.3467315504696,13910.9,2.035568181818182,3.7561,6.6557545454545455,13.3,8.0,3.0
2010-12-01,9.946060499509745,4.599999999999994,6.646373913043479,577.8024021969062,15329.5,3.9975652173913043,3.7561,6.651547826086957,13.5,8.0,3.0
2011-01-01,11.427752529375956,4.900000000000006,6.599115,281.36311830760854,15249.0,4.852509523809523,3.7561,6.6027,14.1,8.0,4.0
2011-02-01,8.1417627447528,4.900000000000006,6.583106666666667,-316.62659919803787,13769.1,3.734575,3.7561,6.5831333333333335,14.9,8.0,4.0
2011-03-01,10.748257521785632,5.400000000000006,6.566130434782609,5.982637540908286,13588.0,2.392291304347826,3.7561,6.566243478260869,14.8,8.0,4.0
2011-04-01,10.298426800243309,5.299999999999997,6.527257894736842,486.68503715834976,13649.0,2.82928,3.7561,6.531466666666667,13.4,8.0,4.0
2011-05-01,9.758268826288653,5.5,6.495704761904761,550.4814794613507,14696.8,3.686152380952381,3.7561,6.498854545454545,13.3,8.0,4.0
2011-06-01,9.645779018477118,6.400000000000006,6.474334999999999,933.5998312361079,14565.1,5.899557142857143,3.7561,6.478145454545455,15.1,8.0,4.0
2011-07-01,9.143433122725009,6.5,6.4580238095238105,1313.0576487995015,14408.0,5.256238095238095,3.7561,6.461447619047619,14.0,8.0,4.0
2011-08-01,9.631196805755526,6.200000000000003,6.404291304347826,728.3827231154968,14705.0,3.9513347826086958,3.7561,6.409026086956521,13.5,8.0,4.0
2011-09-01,9.126402222033292,6.099999999999994,6.389780952380953,592.593692797681,15865.1,4.110838095238096,3.7561,6.3836818181818185,13.8,8.0,4.0
2011-10-01,9.66882870205039,5.5,6.368875,690.9052354149793,16546.4,3.9402999999999997,3.7561,6.356223809523809,13.2,8.0,4.0
2011-11-01,8.181482074554204,4.200000000000003,6.356504545454545,587.0111915877957,16128.9,3.7536363636363634,3.7561,6.340749999999999,12.4,8.0,4.0
2011-12-01,8.263844928007092,4.099999999999994,6.347254545454546,665.5485538755254,17739.7,3.8882695652173913,3.7561,6.3280863636363645,12.8,8.0,4.0
2012-01-01,5.9212214036485245,4.5,6.314266666666667,1087.5158114656797,16834.3,4.871541176470588,3.7561,6.314663636363637,11.4,7.5,4.0
2012-02-01,10.392554812768239,3.200000000000003,6.299947619047619,-1249.5522315845226,16834.3,4.147219047619048,3.7561,6.30004761904762,21.3,7.5,4.0
2012-03-01,8.030740832770178,3.5999999999999943,6.31349090909091,213.09169789356014,15650.2,3.148939130434783,3.7561,6.308136363636363,11.9,7.5,4.0
2012-04-01,7.897724969760445,3.4000000000000057,6.3072875,733.014872665333,15603.1,3.836542105263158,3.7561,6.295404761904762,9.3,7.5,4.0
2012-05-01,7.47923906611585,3.0,6.326495454545454,748.2710713328489,16714.8,2.9646227272727272,3.415,6.305,9.6,7.5,4.0
2012-06-01,7.7233890235787195,2.200000000000003,6.36365,1284.6196749166838,16584.9,3.12093,3.3,6.317486363636363,9.5,7.5,4.0
2012-07-01,7.247387514792458,1.7999999999999972,6.371090909090909,1020.7260752433565,16314.9,3.4855636363636364,3.45,6.323481818181818,9.2,7.5,4.0
2012-08-01,7.239368178719707,2.0,6.3595565217391306,1078.2572649906447,16658.9,3.4945478260869565,3.3722222222222222,6.340360869565218,8.9,7.5,4.0
2012-09-01,8.006242732170499,1.9000000000000057,6.321305,1105.623877217809,18226.6,3.479638095238095,3.35625,6.339514999999999,9.2,7.5,4.0
2012-10-01,7.832727073232348,1.7000000000000028,6.259172222222222,1253.377399166087,18933.8,3.2095333333333333,3.35,6.320213043478261,9.6,7.5,4.0
2012-11-01,8.416448008640455,2.0,6.23359090909091,762.903038680075,18476.7,3.211195454545454,3.35,6.295345454545454,10.1,7.5,4.0
2012-12-01,8.052449861660783,2.5,6.2339714285714285,1228.7683388675398,20334.2,3.3001380952380948,3.35,6.290038095238096,10.3,7.5,4.0
2013-01-01,8.262694378425595,2.0,6.22076,1127.897703921569,18904.9,3.0818954545454544,3.35,6.27874,9.9,7.5,3.5
2013-02-01,7.610852244874788,3.200000000000003,6.233186666666667,592.5404698917456,18904.9,3.3924235294117646,3.35,6.282719230769231,9.9,7.5,3.5
2013-03-01,7.833938644410732,2.0999999999999943,6.21572380952381,-34.16477951877317,17641.2,3.1635761904761908,3.35,6.27381935483871,8.9,7.5,3.5
2013-04-01,7.386530318818352,2.4000000000000057,6.187366666666667,695.2851334121208,17600.3,3.3776714285714284,3.35,6.24514,9.3,7.5,3.5
2013-05-01,7.758171893464483,2.0999999999999943,6.139931818181818,769.9956454514617,18886.3,3.544181818181818,3.35,6.19875,9.2,7.5,3.5
2013-06-01,7.655739689493468,2.700000000000003,6.134694117647059,1020.8126206058967,18826.7,6.808421052631578,3.35,6.170710000000001,8.9,7.5,3.5
2013-07-01,8.059415860775697,2.700000000000003,6.134186956521739,670.4583079014784,18513.2,4.159391304347826,4.4,6.172474193548386,9.7,7.5,3.5
2013-08-01,7.738242221154534,2.5999999999999943,6.121745454545455,1068.7627913463566,18886.2,4.085618181818182,3.9777777777777774,6.170964516129032,10.4,7.5,3.5
2013-09-01,7.9041483811091995,3.0999999999999943,6.120294736842105,569.6053434022795,20653.3,3.748580952380953,3.9,6.159036666666667,10.2,7.5,3.5
2013-10-01,7.523225032346148,3.200000000000003,6.099061111111111,1157.1244708364973,21491.3,4.268478947368421,3.9799999999999995,6.141164516129033,10.3,7.5,3.5
2013-11-01,7.735785906071202,3.0,6.09322380952381,1254.939405013166,21011.9,4.503142857142858,4.1,6.137389999999999,10.0,7.5,3.5
2013-12-01,7.839561760445024,2.5,6.074363636363636,946.0933547745074,23059.7,5.163886363636364,4.1,6.1164129032258066,9.7,7.5,3.5
2014-01-01,7.492955396029233,2.5,6.050942857142857,1166.8597746083144,21140.35,4.700286363636364,4.1,6.103664285714285,8.6,7.5,3.5
2014-02-01,7.5301950580821675,2.0,6.08636875,-851.5942311320706,21140.35,4.199941176470588,4.1,6.1123318181818185,8.6,7.5,3.5
2014-03-01,7.775591743248511,2.4000000000000057,6.173085714285714,293.63441903502434,19800.6,3.206666666666667,4.1,6.135403225806451,8.8,7.5,3.5
2014-04-01,7.474585596936811,1.7999999999999972,6.225599999999999,715.2715417163902,19701.2,3.5252380952380955,4.1,6.155326666666666,8.7,7.5,3.5
2014-05-01,7.701639716375741,2.5,6.23663,1397.1956191514012,21249.8,3.249490476190476,4.1,6.162929032258064,8.8,7.5,3.5
2014-06-01,7.923544576449704,2.299999999999997,6.23058,1225.3319246973188,21166.4,3.2905,4.1,6.156389999999999,9.2,7.5,3.5
2014-07-01,7.16141823196359,2.299999999999997,6.199330434782609,1817.828492989901,20775.8,3.8356521739130436,4.1,6.156922580645161,9.0,7.5,3.5
2014-08-01,7.628428012716659,2.0,6.154609523809524,1887.7298638615334,21133.9,3.528095238095238,4.1,6.160706451612903,6.9,7.5,3.5
2014-09-01,7.112077848681642,1.5999999999999943,6.139004761904762,1166.1484475015804,23042.4,3.2934454545454543,4.1,6.153872413793104,8.0,7.5,3.5
2014-10-01,7.972613505521942,1.5999999999999943,6.121883333333333,1701.682120629864,23967.2,3.088421052631579,4.1,6.146116129032258,7.7,7.5,3.5
2014-11-01,7.00562213222522,1.4000000000000057,6.126285,2044.5729846442,23474.7,3.2700000000000005,4.1,6.143433333333333,7.2,7.5,3.5
2014-12-01,7.225350038321232,1.5,6.190665217391304,1901.3953530235624,25801.3,4.204673913043478,4.1,6.124149999999999,7.9,7.5,3.5
2015-01-01,7.018512066783367,0.7999999999999972,6.2194400000000005,2322.1193923363357,23996.25,3.98,3.85,6.135833333333334,6.8,7.0,3.0
2015-02-01,6.9472108361317675,1.4000000000000057,6.25144,2369.0207988775496,23996.25,4.64,3.85,6.133896153846154,6.8,7.0,3.0
2015-03-01,7.3329885347231505,1.4000000000000057,6.239640909090909,119.96134818946261,22722.8,4.474227272727273,3.6611111111111114,6.150470967741935,5.6,7.0,3.0
2015-04-01,7.281182423172594,1.5,6.2025523809523815,1313.2100120832818,22386.7,2.9252380952380954,3.4299999999999997,6.130289655172414,5.9,7.0,3.0
2015-05-01,6.877326191957889,1.2000000000000028,6.203945,2289.6300261976335,24194.8,2.13579,3.4299999999999997,6.114153333333332,6.1,7.0,3.0
2015-06-01,7.142006934552403,1.4000000000000057,6.205614285714286,1792.1919899882034,24280.3,2.4185809523809523,2.6,6.1153892857142855,6.8,7.0,3.0
2015-07-01,8.169370862619552,1.5999999999999943,6.208647826086957,1658.4958377611813,24338.8,2.5708695652173916,2.5,6.116716129032258,6.0,7.0,3.0
2015-08-01,7.445093602446695,2.0,6.338952380952381,2420.571502196869,24893.4,2.4509523809523808,2.48125,6.283859259259259,6.1,7.0,3.0
2015-09-01,5.419537918072881,1.5999999999999943,6.369925,2448.4287336691386,25270.6,2.3914285714285715,2.35,6.368195652173913,5.7,7.0,3.0
2015-10-01,6.691759021732824,1.2999999999999972,6.3479705882352935,2484.0270794288417,28278.9,2.376111111111111,2.3214285714285716,6.351463636363636,5.6,7.0,3.0
2015-11-01,8.700171689453718,1.5,6.37142380952381,2181.7729066509337,27937.3,2.32047619047619,2.25,6.366600000000001,6.2,7.0,3.0
2015-12-01,5.3272646202893625,1.5999999999999943,6.45431304347826,2474.043109887118,28634.6,2.3995652173913045,2.25,6.4476304347826074,5.9,7.0,3.0
2016-01-01,6.763310496482977,1.7999999999999972,6.57364,2734.7981155347507,26455.15,2.41,2.25,6.552685,5.4,6.75,3.0
2016-02-01,6.820463317151271,2.299999999999997,6.5408875,1394.4110641765878,26455.15,2.3577777777777778,2.25,6.5310875,5.4,6.75,3.0
2016-03-01,6.815612804711613,2.299999999999997,6.507904347826087,1264.5249404351207,25114.1,2.3434782608695652,2.25,6.5063695652173905,6.8,6.75,3.0
2016-04-01,6.675454447280282,2.299999999999997,6.478960000000001,1912.3679786900284,24645.8,2.432665,2.25,6.4760409090909095,6.0,6.75,3.0
2016-05-01,6.469249738358807,2.0,6.532171428571429,2132.5887147245953,26610.7,2.4066666666666667,2.25,6.528231818181819,6.0,6.75,3.0
2016-06-01,6.954194090153143,1.9000000000000057,6.595205,2083.87987414855,26857.4,2.393333333333333,2.25,6.58485,6.2,6.75,3.0
2016-07-01,6.1394374419006414,1.7999999999999972,6.677966666666667,2239.901068954138,26827.4,2.4285714285714284,2.25,6.677442857142857,6.0,6.75,3.0
2016-08-01,7.000723562791467,1.2999999999999972,6.649404347826088,2301.3371808918455,27539.6,2.460434782608696,2.25,6.647430434782609,6.3,6.75,3.0
2016-09-01,6.958104114663244,1.9000000000000057,6.67281,1869.1138878627517,27976.4,2.4985714285714287,2.25,6.672352380952382,6.1,6.75,3.0
2016-10-01,6.674237462891441,2.0999999999999943,6.74693125,2219.8077613558403,31119.2,2.6394444444444445,2.25,6.740270588235295,6.1,6.75,3.0
2016-11-01,7.325895370648028,2.299999999999997,6.8413,2070.097555097251,30958.5,2.674545454545455,2.25,6.837536363636364,6.2,6.75,3.0
2016-12-01,6.390068854482411,2.0999999999999943,6.923536363636364,1951.3728355612532,31757.0,2.748181818181818,2.25,6.918195454545455,6.0,6.75,3.0
2017-01-01,6.927456281080291,2.5,6.895538888888889,2441.288441269175,28979.85,2.5694736842105264,2.25,6.894152631578947,6.3,6.5,3.0
2017-02-01,6.654388588088045,0.7999999999999972,6.873188888888889,-432.1430398632975,28979.85,2.907368421052632,2.35,6.871344444444444,6.3,6.5,3.0
2017-03-01,7.415539662701787,0.9000000000000057,6.896591304347826,1137.5357678781538,27863.7,3.4086956521739133,2.39,6.893152173913044,7.6,6.5,3.0
2017-04-01,6.6723647434525635,1.2000000000000028,6.8915,1806.2750821512893,27278.5,3.305789473684211,2.45,6.88596,6.5,6.5,3.0
2017-05-01,7.089681471086839,1.5,6.88941,1936.24163842383,29459.2,3.3390476190476193,2.45,6.8814833333333345,6.5,6.5,3.0
2017-06-01,7.236626976753646,1.5,6.807227272727272,1981.0829808563417,29807.6,3.3713636363636366,2.45,6.801913636363637,7.6,6.5,3.0
2017-07-01,7.076297790557384,1.4000000000000057,6.772542857142857,2143.144704833079,29609.8,3.247142857142857,2.45,6.765385714285714,6.4,6.5,3.0
2017-08-01,6.581530015213666,1.7999999999999972,6.671343478260869,1865.6935194146251,30329.7,3.540434782608696,2.45,6.673556521739131,6.0,6.5,3.0
2017-09-01,7.045828803727039,1.5999999999999943,6.567699999999999,1233.887716272863,30870.3,3.3763636363636365,2.45,6.563414285714285,6.6,6.5,3.0
2017-10-01,5.856746153954351,1.9000000000000057,6.619494117647058,1673.1809369311482,34240.9,3.2252941176470586,2.45,6.615405882352942,6.2,6.5,3.0
2017-11-01,7.135141366577624,1.7000000000000028,6.621936363636364,1763.3887141826172,34108.2,3.2972727272727274,2.45,6.618627272727273,6.1,6.5,3.0
2017-12-01,7.407518613820185,1.7999999999999972,6.5908476190476195,2375.463141602073,34734.1,3.3676190476190477,2.48,6.59422857142857,6.2,6.5,3.0
2018-01-01,6.653819818350826,1.5,6.429304545454546,841.1504720581856,30540.9,3.1018181818181816,2.5,6.44065652173913,7.2,6.5,3.0
2018-02-01,7.441625591211221,2.9000000000000057,6.31302,1345.143703213711,30540.9,2.9382352941176473,2.5,6.316166666666667,7.2,6.5,3.0
2018-03-01,6.60447221811471,2.0999999999999943,6.319440909090909,-198.98886077025037,29193.6,3.068636363636364,2.50625,6.322027272727272,6.0,6.5,3.0
2018-04-01,7.600288825267021,1.7999999999999972,6.296655555555556,1125.2909549089416,28541.9,3.0985,2.55,6.297538888888889,7.0,6.5,3.0
2018-05-01,6.286447051309296,1.7999999999999972,6.3744772727272725,1012.6612376776872,30359.1,2.9740909090909096,2.55,6.374165217391305,6.8,6.5,3.0
2018-06-01,6.815183277644432,1.9000000000000057,6.465385,1733.495896630391,30841.6,3.022,2.55,6.45437619047619,6.0,6.5,3.0
2018-07-01,6.3638598651976075,2.0999999999999943,6.715863636363636,1265.1342239215908,30733.7,2.675909090909091,2.55,6.703445454545455,6.0,6.5,3.0
2018-08-01,7.124780560109323,2.299999999999997,6.848626086956522,1307.95600037256,31542.3,2.5473913043478262,2.55,6.843317391304347,6.1,6.5,3.0
2018-09-01,6.607742856749477,2.5,6.854642105263158,1489.553925239298,32005.4,2.659047619047619,2.55,6.8445368421052635,5.8,6.5,3.0
2018-10-01,8.093334852670498,2.5,6.936283333333333,1636.5786927531287,35534.4,2.6333333333333333,2.55,6.926394444444445,5.9,6.5,3.0
2018-11-01,5.928533862845375,2.200000000000003,6.938999999999999,2015.5954707809994,35259.7,2.6563636363636363,2.55,6.9351,5.4,6.5,3.0
2018-12-01,5.501029441433114,1.9000000000000057,6.88552,2705.046964810342,35893.5,2.8142857142857145,2.55,6.885345,5.7,6.5,3.0
2019-01-01,6.429406228182066,1.7000000000000028,6.786668181818182,1832.8664742120513,33032.0,2.583181818181818,2.55,6.78965,5.3,6.25,3.0
2019-02-01,6.124923541104743,1.5,6.737186666666667,185.23530114474687,33032.0,2.546470588235294,2.55,6.736360000000001,5.3,6.25,3.0
2019-03-01,6.645574193876835,2.299999999999997,6.711704761904762,1471.729910075366,31725.7,2.7285714285714286,2.55,6.709266666666666,8.5,6.25,3.0
2019-04-01,5.49232492789804,2.5,6.716447619047619,624.0609896809239,30586.1,2.7277272727272726,2.55,6.715090476190477,5.4,6.25,3.0
2019-05-01,5.973674720835587,2.700000000000003,6.872275,1967.430842399186,32955.7,2.607142857142857,2.55,6.85235,5.0,6.25,3.0
2019-06-01,6.829388828196814,2.700000000000003,6.9015,2428.022677896,33878.1,2.5073684210526315,2.55,6.882026315789473,6.3,6.25,3.0
2019-07-01,5.0215543248171235,2.799999999999997,6.877526086956522,2110.2111871698276,33073.3,2.5965217391304347,2.55,6.875234782608695,4.8,6.25,3.0
2019-08-01,6.841995141974433,2.799999999999997,7.063445454545455,1737.547905592915,33896.3,2.7445454545454546,2.55,7.0214,4.4,6.25,3.0
2019-09-01,6.120912789452082,3.0,7.11965,2009.7339704248798,34494.9,2.6671428571428573,2.55,7.078455,5.8,6.25,3.0
2019-10-01,8.08502598115508,3.799999999999997,7.082527777777778,2157.8775076837487,38104.3,2.7705263157894735,2.55,7.070216666666666,4.7,6.25,3.0
2019-11-01,3.5664830100332834,4.5,7.018919047619048,1853.259218891055,38093.8,2.645238095238095,2.5,7.017738095238095,6.2,6.25,3.0
2019-12-01,6.07753783791336,4.5,7.015963636363637,2323.853036705336,38776.7,2.5354545454545456,2.5,7.012818181818183,6.9,6.25,3.0
2020-01-01,-9.317444220627614,5.400000000000006,6.916131249999999,2615.9797405426198,26064.9,2.551764705882353,2.5,6.917168749999999,-13.5,6.0,3.5
2020-02-01,-6.4292228823606745,5.200000000000003,6.9985550000000005,-3042.574462336025,26064.9,2.3244999999999996,2.4,6.992319999999999,-13.5,6.0,3.5
2020-03-01,-4.713872844669009,4.299999999999997,7.0201363636363645,982.3443762052008,26449.9,1.9672727272727273,2.2,7.011945454545455,-1.1,6.0,3.5
2020-04-01,1.6484616397788088,3.299999999999997,7.0732857142857135,2268.072132291367,28177.8,1.5336363636363637,2.2,7.0686285714285715,3.9,6.0,3.5
2020-05-01,4.0447161565737355,2.4000000000000057,7.1128944444444455,3183.6319430159874,31972.8,1.5757894736842106,2.2,7.0986,4.4,6.0,3.5
2020-06-01,3.900043585999202,2.5,7.086345,2331.0901872933996,33525.9,2.0490476190476192,2.2,7.08671,4.8,6.0,3.5
2020-07-01,4.550028754393476,2.700000000000003,7.0116956521739136,3064.3352221375603,32202.5,2.1843478260869564,2.2,7.008830434782609,4.8,6.0,3.5
2020-08-01,4.199046760528402,2.4000000000000057,6.929552380952381,2829.5016736063785,33570.6,2.310476190476191,2.2,6.934585714285714,5.6,6.0,3.5
2020-09-01,5.954781523992536,1.7000000000000028,6.811259090909091,1716.5038716787906,35294.7,2.2597565217391304,2.2,6.81475,6.9,6.0,3.5
2020-10-01,4.936369382782924,0.5,6.70389375,2626.56264973019,38576.5,2.4571058823529413,2.2,6.7111125000000005,6.9,6.0,3.5
2020-11-01,7.535821476622551,-0.5,6.604847619047619,3289.2956609937537,39514.2,2.5542857142857143,2.2,6.608766666666667,7.0,6.0,3.5
2020-12-01,7.082034920098357,0.20000000000000284,6.541256521739131,3344.902239634454,40566.0,2.21,2.2,6.54234347826087,7.3,6.0,3.5
2021-01-01,21.50198651622248,-0.29999999999999716,6.47067,2737.37501595313,34868.4,2.336685,2.2,6.477105,35.1,6.0,3.0
2021-02-01,17.53210920040571,-0.20000000000000284,6.4593066666666665,1580.4471934877556,34868.4,2.336664705882353,2.2,6.460226666666666,35.1,6.0,3.0
2021-03-01,17.81900682194908,0.4000000000000057,6.508895652173913,584.5605883218573,35484.1,2.1808521739130433,2.2,6.506595652173913,14.1,6.0,3.0
2021-04-01,8.941771273635224,0.9000000000000057,6.519390476190477,1821.6638559846563,33152.6,2.1296590909090907,2.2,6.520428571428571,9.8,6.0,3.0
2021-05-01,7.923928518939372,1.2999999999999972,6.423027777777778,1878.7483071545169,35945.1,2.1657105263157894,2.2,6.431611111111111,8.8,6.0,3.0
2021-06-01,7.462648127430049,1.0999999999999943,6.425080952380953,2127.1026139449496,37585.8,2.377352380952381,2.2,6.422785714285714,8.3,6.0,3.0
2021-07-01,7.906406110709785,1.0,6.474004545454545,2371.8416654198963,34925.1,2.231659090909091,2.2,6.4741136363636365,6.4,6.0,3.0
2021-08-01,3.937352858491905,0.7999999999999972,6.476727272727273,2446.8266163213225,34394.9,2.201818181818182,2.2,6.477236363636364,5.3,6.0,3.0
2021-09-01,4.730718829046476,0.7000000000000028,6.456570000000001,2783.043891968725,36833.0,2.2355772727272725,2.2,6.45987,3.1,6.0,3.0
2021-10-01,3.2917894048400287,1.5,6.4140999999999995,3478.0329865974,40453.9,2.236676470588235,2.2,6.4192124999999995,3.5,6.0,3.0
2021-11-01,5.899019421928364,2.299999999999997,6.388963636363636,2927.120188627368,41043.2,2.24745,2.2,6.395327272727273,3.8,6.0,3.0
2021-12-01,4.316110099940862,1.5,6.368860869565218,3831.5232437695327,41268.9,2.2944173913043477,2.2,6.370013043478261,4.3,6.0,3.0
2022-01-01,6.438590215697526,0.9000000000000057,6.354884210526316,3447.710086820179,37213.0,2.2000380952380953,2.142857142857143,6.359635000000001,7.5,5.5,3.0
2022-02-01,6.0210202763222975,0.9000000000000057,6.340425,1229.507053100235,37213.0,2.1885,2.1,6.352555,7.5,5.5,3.0
2022-03-01,2.045412798685331,1.5,6.344352173913043,1907.0831175243736,34233.1,2.259265217391304,2.1,6.345721739130434,5.0,5.5,3.0
2022-04-01,-1.4412758109783042,2.0999999999999943,6.434473684210526,2116.4933254238226,29483.1,1.9252380952380952,2.1,6.428015789473684,-2.9,5.5,3.0
2022-05-01,-0.26905080991302954,2.0999999999999943,6.713573684210527,3549.425639549273,33547.0,1.7089100000000002,2.1,6.694185,0.7,5.5,3.0
2022-06-01,4.035695428212338,2.5,6.696066666666667,4391.366024307289,38742.5,1.863680952380952,2.1,6.6996,3.9,5.5,3.0
2022-07-01,2.7110166929125157,2.700000000000003,6.734019047619047,4592.291959287409,35870.1,1.6438238095238096,2.1,6.732447619047618,3.8,5.5,3.0
2022-08-01,5.559280119713272,2.5,6.801265217391305,3672.3597873637927,36257.9,1.5088565217391303,2.0434782608695654,6.794860869565217,4.2,5.5,3.0
2022-09-01,3.7407165191800873,2.799999999999997,7.026138095238095,4183.327085036588,37744.9,1.6378714285714284,2.0,6.962061904761905,6.3,5.5,3.0
2022-10-01,4.831585314812048,2.0999999999999943,7.2186375,4437.058134397992,40270.5,1.7325000000000002,2.0,7.12869375,5.0,5.5,3.0
2022-11-01,1.1743223981297346,1.5999999999999943,7.178445454545455,3598.8607274088795,38615.1,1.890109090909091,2.0,7.162786363636363,2.2,5.5,3.0
2022-12-01,3.026751891131685,1.7999999999999972,6.977713636363637,3798.188916981325,40542.3,2.2134454545454543,2.0,6.983259090909091,1.3,5.5,3.0
2023-01-01,3.71135648271379,2.0999999999999943,6.788975,4611.967926681739,38533.5,2.06935,2.0,6.7975812499999995,2.4,5.0,3.0
2023-02-01,3.8073094527778295,1.0,6.836409999999999,786.1546948955298,38533.5,2.298535,2.0,6.829585,2.4,5.0,3.0
2023-03-01,6.588138152233314,0.7000000000000028,6.897926086956522,4196.20228151536,37855.4,2.37,2.0,6.898152173913044,3.9,5.0,3.0
2023-04-01,8.34920084716282,0.09999999999999432,6.888942105263158,4281.143179569313,34910.5,2.241,2.0,6.885168421052631,5.6,5.0,3.0
2023-05-01,7.704763317764196,0.20000000000000284,6.998704999999999,3223.496975065015,37803.3,1.9597380952380952,2.0,6.991195,3.5,5.0,3.0
2023-06-01,3.6571473490399242,0.0,7.16204,3622.439973828192,39951.4,2.1085714285714285,1.9380952380952379,7.149204999999999,4.4,5.0,3.0
2023-07-01,5.215296820759319,-0.29999999999999716,7.188833333333333,4165.353570372222,36760.7,1.9476190476190476,1.9,7.1618666666666675,3.7,5.0,3.0
2023-08-01,4.4569957710371755,0.09999999999999432,7.253330434782609,3596.4744518003818,37932.7,1.9369565217391302,1.8434782608695652,7.1732695652173915,4.5,5.0,3.0
2023-09-01,5.334789082219493,0.0,7.29615,4136.7989727564745,39826.0,2.005125,1.8,7.183895,4.5,5.0,3.0
2023-10-01,4.426293432723805,-0.20000000000000284,7.309094117647058,3019.9940960698086,43333.0,2.2789473684210524,1.8,7.178623529411765,4.6,5.0,3.0
2023-11-01,6.2891748120307955,-0.5,7.226881818181818,3572.382943675339,42505.0,2.373181818181818,1.8,7.154359090909091,6.6,5.0,3.0
2023-12-01,5.19954979593007,-0.29999999999999716,7.141138095238095,3842.0275872649463,43550.2,2.4372238095238097,1.8000000000000003,7.103880952380953,6.8,5.0,3.0
2024-01-01,5.695570083040824,-0.7999999999999972,7.170518181818181,4393.936814237804,40653.45,2.236818181818182,1.8,7.105986363636364,7.0,5.0,3.0
2024-02-01,5.745207353707804,0.7000000000000028,7.1931,2054.4157422426606,40653.45,2.0030777777777775,1.7999999999999998,7.10509375,7.0,5.0,3.0
2024-03-01,4.478010065503479,0.09999999999999432,7.202771428571428,3037.569096568938,39019.9,2.097142857142857,1.8000000000000003,7.097799999999999,4.5,5.0,3.0
2024-04-01,4.745945007741814,0.29999999999999716,7.2392650000000005,3791.6433925052797,35699.1,1.9549999999999998,1.8,7.10066,6.7,5.0,3.0
2024-05-01,4.997692106665141,0.29999999999999716,7.233375,4322.820001643437,39211.0,1.8766666666666665,1.8000000000000003,7.105665,5.6,5.0,3.0
2024-06-01,4.364299803477012,0.20000000000000284,7.255752631578947,5214.580976128349,40731.6,1.9842105263157896,1.8,7.116194736842106,5.3,5.0,3.0
2024-07-01,4.5202284535235115,0.5,7.262813043478261,4464.998326867532,37757.4,1.8860869565217393,1.7652173913043478,7.131552173913043,5.1,5.0,3.0
2024-08-01,4.31840553296563,0.5999999999999943,7.152504545454545,4656.532718888062,38725.8,1.8881818181818182,1.6999999999999997,7.134236363636363,4.5,5.0,3.0
2024-09-01,4.960161143032349,0.4000000000000057,7.077905263157895,4093.4549602653206,41112.3,1.950952380952381,1.6809523809523808,7.079057894736842,5.4,5.0,3.0
2024-10-01,5.589615281389926,0.29999999999999716,7.10585,4833.14025332851,45396.4,1.904736842105263,1.5,7.1058,5.3,5.0,3.0
2024-11-01,5.150449943171886,0.20000000000000284,7.2094047619047625,5064.657529671739,43763.0,1.8338095238095238,1.5,7.1729095238095235,5.4,5.0,3.0
2024-12-01,5.460974801526564,0.09999999999999432,7.282113636363636,5559.468402788044,45171.5,1.9322727272727271,1.5,7.18865,6.2,5.0,3.0
2025-01-01,5.441874752825782,0.5,7.310294444444444,7417.334740923562,41865.3,2.1257894736842107,1.5,7.183266666666666,5.9,5.0,2.0
2025-02-01,4.939056045116219,-0.7000000000000028,7.277422222222222,1679.8560650819877,41865.3,2.0942105263157895,1.5,7.171144444444444,5.9,5.0,2.0
2025-03-01,5.817744723456686,-0.09999999999999432,7.250790476190477,5396.3210562833065,40940.5,1.9733333333333332,1.5,7.17372380952381,7.7,5.0,2.0
2025-04-01,4.929265531095517,-0.09999999999999432,7.302504761904761,5128.957899223822,37174.1,1.7745454545454544,1.5,7.203371428571429,6.1,5.0,2.0
2025-05-01,5.549461338829564,-0.09999999999999432,7.208078947368421,5362.961491768281,41325.8,1.6421052631578947,1.4105263157894736,7.1950473684210525,5.8,5.0,2.0
2025-06-01,5.118273183788702,0.09999999999999432,7.181405,5918.018487307675,42287.4,1.643895,1.4,7.1756850000000005,6.8,5.0,2.0
2025-07-01,4.517883644227427,0.0,7.172660869565218,5054.3978137807235,38780.2,1.5575478260869564,1.4,7.1490913043478255,5.7,5.0,2.0
2025-08-01,5.226527266043668,-0.4000000000000057,7.175004761904761,5267.957829373786,39667.6,1.5090476190476192,1.4,7.130938095238096,5.2,5.0,2.0
2025-09-01,4.653304070655362,-0.29999999999999716,7.124745454545454,4591.293104912016,41971.0,1.5491304347826087,1.4,7.1068181818181815,6.5,5.0,2.0
2025-10-01,5.48641755808279,0.20000000000000284,7.120094117647059,4566.379716076286,46291.3,1.5105555555555557,1.4,7.094805882352941,4.9,5.0,2.0
2025-11-01,3.8261783618251277,0.7000000000000028,7.108015,5642.301836913874,43898.0,1.5115,1.4,7.0848,4.8,5.0,2.0
2025-12-01,4.178305373860325,0.7999999999999972,7.042439130434783,5659.254960184817,45135.9,1.5834782608695652,1.4,7.059347826086956,5.2,5.0,2.0
2026-01-01,,,,,,,1.4,,6.3,,
2026-02-01,,,,,,,,,6.3,,
