observation_date,RBCNBIS_PC1
2000-01-01,-1.07455
2000-02-01,-0.34269
2000-03-01,-3.20897
2000-04-01,-2.82634
2000-05-01,-0.79692
2000-06-01,-2.13165
2000-07-01,-1.57618
2000-08-01,0.69577
2000-09-01,1.95946
2000-10-01,3.96717
2000-11-01,5.43732
2000-12-01,5.76870
2001-01-01,5.43109
2001-02-01,2.92289
2001-03-01,5.95687
2001-04-01,7.65693
2001-05-01,5.28853
2001-06-01,7.41096
2001-07-01,7.58281
2001-08-01,4.28126
2001-09-01,2.04109
2001-10-01,2.11842
2001-11-01,1.84920
2001-12-01,2.87056
2002-01-01,3.25821
2002-02-01,4.57466
2002-03-01,1.15747
2002-04-01,-1.18120
2002-05-01,-2.63225
2002-06-01,-4.69328
2002-07-01,-7.26463
2002-08-01,-4.59919
2002-09-01,-3.62385
2002-10-01,-3.74952
2002-11-01,-5.61309
2002-12-01,-6.54490
2003-01-01,-8.76777
2003-02-01,-9.58466
2003-03-01,-8.43707
2003-04-01,-7.64242
2003-05-01,-8.42366
2003-06-01,-7.22601
2003-07-01,-4.47249
2003-08-01,-4.34427
2003-09-01,-5.82210
2003-10-01,-8.04552
2003-11-01,-5.54050
2003-12-01,-6.50109
2004-01-01,-5.97403
2004-02-01,-7.12150
2004-03-01,-5.21835
2004-04-01,-4.32328
2004-05-01,0.04278
2004-06-01,-0.51926
2004-07-01,-1.40744
2004-08-01,-1.42369
2004-09-01,-0.54379
2004-10-01,-0.56777
2004-11-01,-4.53177
2004-12-01,-4.77573
2005-01-01,-3.46031
2005-02-01,-1.27305
2005-03-01,-4.30310
2005-04-01,-4.46107
2005-05-01,-5.43122
2005-06-01,-2.97231
2005-07-01,-0.74290
2005-08-01,-1.54535
2005-09-01,-1.62590
2005-10-01,1.39092
2005-11-01,5.67823
2005-12-01,7.04268
2006-01-01,4.89458
2006-02-01,4.72803
2006-03-01,5.48070
2006-04-01,3.84094
2006-05-01,1.22098
2006-06-01,1.16557
2006-07-01,-0.89522
2006-08-01,-1.07085
2006-09-01,0.20477
2006-10-01,-0.15884
2006-11-01,-1.74840
2006-12-01,-1.21048
2007-01-01,1.75162
2007-02-01,1.66997
2007-03-01,1.46404
2007-04-01,1.27647
2007-05-01,4.67610
2007-06-01,4.97784
2007-07-01,5.62713
2007-08-01,6.88019
2007-09-01,4.91899
2007-10-01,2.51663
2007-11-01,2.63310
2007-12-01,4.28139
2008-01-01,4.00734
2008-02-01,5.74889
2008-03-01,4.71071
2008-04-01,6.53108
2008-05-01,6.21710
2008-06-01,5.58604
2008-07-01,5.14510
2008-08-01,6.46504
2008-09-01,9.71063
2008-10-01,16.09763
2008-11-01,19.07246
2008-12-01,14.04479
2009-01-01,14.08221
2009-02-01,13.65013
2009-03-01,16.40097
2009-04-01,13.14870
2009-05-01,9.09456
2009-06-01,6.42324
2009-07-01,6.04000
2009-08-01,2.81470
2009-09-01,-0.90033
2009-10-01,-6.53785
2009-11-01,-9.15118
2009-12-01,-5.47879
2010-01-01,-6.57629
2010-02-01,-6.69446
2010-03-01,-7.85747
2010-04-01,-5.71530
2010-05-01,-0.09822
2010-06-01,2.37916
2010-07-01,1.68490
2010-08-01,1.43219
2010-09-01,2.39283
2010-10-01,2.49642
2010-11-01,4.73026
2010-12-01,4.37292
2011-01-01,3.95876
2011-02-01,1.91162
2011-03-01,1.80123
2011-04-01,0.69313
2011-05-01,-1.63451
2011-06-01,-1.79795
2011-07-01,-0.39570
2011-08-01,1.46195
2011-09-01,4.72382
2011-10-01,7.61132
2011-11-01,6.24611
2011-12-01,6.52414
2012-01-01,7.65275
2012-02-01,5.63946
2012-03-01,7.54764
2012-04-01,8.63579
2012-05-01,9.35782
2012-06-01,8.85540
2012-07-01,8.42955
2012-08-01,7.11823
2012-09-01,2.98329
2012-10-01,1.96864
2012-11-01,3.06827
2012-12-01,1.81084
2013-01-01,1.79709
2013-02-01,4.90027
2013-03-01,4.99310
2013-04-01,6.16359
2013-05-01,6.18074
2013-06-01,6.36156
2013-07-01,7.32768
2013-08-01,7.84088
2013-09-01,9.00348
2013-10-01,7.57225
2013-11-01,7.03329
2013-12-01,7.66965
2014-01-01,8.22346
2014-02-01,6.38602
2014-03-01,2.91475
2014-04-01,-0.35811
2014-05-01,-1.75382
2014-06-01,-1.76420
2014-07-01,-2.03755
2014-08-01,-0.43710
2014-09-01,1.65834
2014-10-01,4.39549
2014-11-01,5.39278
2014-12-01,5.72391
2015-01-01,5.48214
2015-02-01,7.17016
2015-03-01,11.35009
2015-04-01,13.23241
2015-05-01,12.37542
2015-06-01,13.05300
2015-07-01,14.18926
2015-08-01,11.76786
2015-09-01,9.07665
2015-10-01,6.41342
2015-11-01,5.76148
2015-12-01,3.96099
2016-01-01,1.84986
2016-02-01,1.26289
2016-03-01,-1.26219
2016-04-01,-2.51996
2016-05-01,-2.00760
2016-06-01,-4.16505
2016-07-01,-6.58020
2016-08-01,-6.84039
2016-09-01,-6.45192
2016-10-01,-5.78504
2016-11-01,-6.72381
2016-12-01,-5.40877
2017-01-01,-4.66077
2017-02-01,-6.47372
2017-03-01,-6.15921
2017-04-01,-5.20967
2017-05-01,-5.20139
2017-06-01,-3.38589
2017-07-01,-2.32748
2017-08-01,-1.00782
2017-09-01,-0.02050
2017-10-01,0.44152
2017-11-01,-0.22463
2017-12-01,-0.93108
2018-01-01,-0.43342
2018-02-01,2.95195
2018-03-01,2.82766
2018-04-01,3.97627
2018-05-01,5.44482
2018-06-01,4.44607
2018-07-01,1.33779
2018-08-01,-0.17661
2018-09-01,-0.94301
2018-10-01,-1.58454
2018-11-01,-1.53500
2018-12-01,-0.80703
2019-01-01,-0.87062
2019-02-01,-1.25569
2019-03-01,0.11040
2019-04-01,-0.44048
2019-05-01,-2.50721
2019-06-01,-3.28526
2019-07-01,0.23721
2019-08-01,0.02081
2019-09-01,-0.40356
2019-10-01,0.71673
2019-11-01,2.20328
2019-12-01,0.94748
2020-01-01,2.18546
2020-02-01,1.53199
2020-03-01,1.48371
2020-04-01,1.43791
2020-05-01,1.16338
2020-06-01,0.85957
2020-07-01,1.00833
2020-08-01,2.39309
2020-09-01,4.03117
2020-10-01,3.95008
2020-11-01,2.87777
2020-12-01,3.27484
2021-01-01,2.20867
2021-02-01,2.39645
2021-03-01,1.97570
2021-04-01,1.06067
2021-05-01,2.65308
2021-06-01,4.39470
2021-07-01,4.29867
2021-08-01,4.06463
2021-09-01,2.30700
2021-10-01,3.16500
2021-11-01,3.82524
2021-12-01,4.47496
2022-01-01,2.73785
2022-02-01,1.96475
2022-03-01,3.07081
2022-04-01,3.20745
2022-05-01,-0.45204
2022-06-01,-0.22622
2022-07-01,0.99619
2022-08-01,-0.51753
2022-09-01,-1.26904
2022-10-01,-4.37584
2022-11-01,-7.76847
2022-12-01,-7.86687
2023-01-01,-6.60512
2023-02-01,-7.35808
2023-03-01,-8.90977
2023-04-01,-9.38985
2023-05-01,-7.13722
2023-06-01,-9.33557
2023-07-01,-11.76869
2023-08-01,-10.00196
2023-09-01,-8.80957
2023-10-01,-6.95967
2023-11-01,-5.32618
2023-12-01,-5.42898
2024-01-01,-6.57291
2024-02-01,-4.88377
2024-03-01,-5.36525
2024-04-01,-3.76547
2024-05-01,-3.16785
2024-06-01,-0.84810
2024-07-01,0.08768
2024-08-01,-0.40353
2024-09-01,-0.87824
2024-10-01,-0.46481
2024-11-01,-0.19625
2024-12-01,-0.64026
2025-01-01,0.26178
2025-02-01,-1.84371
2025-03-01,-1.85347
2025-04-01,-4.79564
2025-05-01,-4.73158
2025-06-01,-5.42823
2025-07-01,-5.25624
2025-08-01,-4.89488
2025-09-01,-4.48480
2025-10-01,-4.45265
2025-11-01,-3.14617
2025-12-01,-2.43556
2026-01-01,-2.21932
2026-02-01,-1.46336
